Path,Final_Value
1,74951.62311099094
2,54643.8150529426
3,57531.65005000281
4,60497.351170411406
5,48441.12935679287
6,61219.11533883427
7,71691.01896187237
8,65399.72449238056
9,54250.95361241808
10,38582.74482486287
11,53486.43194465288
12,43386.1074634173
13,40930.77083507445
14,55157.310479406726
15,87844.37347572576
16,52984.97146181859
17,67030.60143587967
18,80513.65277560728
19,60874.30100288119
20,60004.689072150904
21,56598.333454216496
22,61097.94332847738
23,66264.46608017826
24,63831.38292708697
25,56914.36497943808
26,45075.54489335176
27,60047.335397474686
28,69528.58901499653
29,50420.5302296203
30,59155.22258368622
31,55571.09793509478
32,70369.65304832906
33,60720.31885288874
34,59420.28180997216
35,65567.11938933922
36,67678.2809194267
37,46097.9742946099
38,52890.064067639134
39,53793.23863966105
40,46791.549971413944
41,50663.836861630385
42,45352.738815453056
43,66685.58514343368
44,57266.52047522854
45,57630.84599795041
46,59419.37685734536
47,63197.794619545886
48,76384.61365118546
49,67139.99979028202
50,51015.841812628816
51,67773.91610657918
52,54254.62358873872
53,89519.81636193584
54,57904.99311746337
55,57822.39442513712
56,49390.6362438787
57,38719.4192340509
58,52772.06889439605
59,41816.53165309579
60,96356.502697834
61,61150.391101009875
62,59353.47933509265
63,87002.42316230685
64,61974.26449781647
65,59544.1887214505
66,50539.254889066644
67,45459.96344512255
68,49050.89546411545
69,59085.44382027727
70,67214.73485711808
71,57301.13900614845
72,38836.474512303044
73,64706.18284649474
74,53681.83757964374
75,54160.092739816704
76,51459.98856855329
77,61306.99861769272
78,59587.80438948369
79,40609.38372276167
80,60675.53363916007
81,51950.71851112155
82,63881.693303980945
83,45932.42647630199
84,55784.18260723971
85,55402.80455435058
86,66489.0166133386
87,66272.41912798543
88,50957.82367190569
89,65909.68758086195
90,54295.803571518394
91,46436.13364921622
92,55665.00007113769
93,57367.80369426664
94,44351.48840003349
95,52747.161321832646
96,42484.114753824535
97,45179.776952581204
98,84218.0553295082
99,50547.8091914791
100,56278.58916066066
101,63695.5037141815
102,96600.67538213082
103,56400.86974629652
104,39676.764298520764
105,62386.5198090327
106,62358.883960913736
107,40607.89731171561
108,48363.67616840903
109,41467.77851435941
110,46637.395599191914
111,70082.39238653971
112,94494.88780139948
113,65489.362972861076
114,65824.65332257356
115,69385.86432326469
116,51513.21079318827
117,66339.41348418147
118,56168.04107398536
119,51219.98378061161
120,70370.6073699072
121,67287.91972372167
122,48432.24039881969
123,60906.80794471816
124,50284.025129610774
125,52784.808056454145
126,58984.31822217891
127,78025.25772645601
128,49626.23839380495
129,56783.68528028962
130,49773.19733367334
131,38683.53348143509
132,56572.78677185364
133,64763.99369363161
134,46261.856205164244
135,67187.02490808399
136,46269.23885266111
137,70824.63972023653
138,69821.9988656081
139,75731.18798371544
140,54075.29038805141
141,62916.45262654342
142,54445.60126971929
143,84567.70499209645
144,55574.851705448826
145,56207.938803658166
146,65973.44560853211
147,48261.73636857304
148,53392.6144988578
149,56328.96627603084
150,75603.5747419852
151,73203.96402528857
152,55047.877864030634
153,68447.15401183274
154,43785.66119391565
155,55157.125227162316
156,53077.50269364387
157,54478.64268050074
158,38433.31730963171
159,70162.19185730416
160,44932.78284321059
161,51700.7693872477
162,49392.29901343726
163,45315.0847597261
164,70781.75653575952
165,54832.802649797144
166,68228.89353108895
167,49992.51900779747
168,81267.51021926457
169,53040.28495714672
170,56117.68170101153
171,48645.11363754652
172,50470.77887286184
173,80392.96238827679
174,88655.62883445185
175,59992.631949495146
176,50614.92382528423
177,67364.9966009477
178,37441.129038967105
179,51715.150986767025
180,63556.99866640974
181,61314.506255211774
182,60954.33989486473
183,50395.12329636219
184,66409.07513658341
185,31615.225419378712
186,56337.64622312273
187,68303.69232099011
188,49247.05484858289
189,66166.22896910593
190,56934.68254801276
191,56337.05109569405
192,70272.84695088232
193,79810.34052892953
194,55740.22122126183
195,47383.59651316384
196,49478.331164614334
197,60914.03265835035
198,55391.49447061565
199,45616.2687396506
200,62065.767552873265
201,59811.8495237828
202,63687.645509130496
203,60786.67494074771
204,60840.813844975826
205,64721.93172264023
206,66499.0885784666
207,45698.041066771315
208,61221.92251172532
209,57471.84220389887
210,48813.24338058448
211,52000.34368468428
212,75020.84471530006
213,40701.56792736781
214,42858.221771078985
215,56867.08322210331
216,62311.25346246633
217,70306.1178449561
218,52753.69894955801
219,60409.67942208334
220,52591.44128962549
221,60959.583550190524
222,72407.47799390377
223,53526.969519212296
224,67929.90387880517
225,67899.53955726969
226,61670.11581982216
227,52729.76408561716
228,46005.4273955011
229,76990.7963721678
230,76002.00814135457
231,61830.94143708231
232,46838.67700309675
233,65471.766251089204
234,48576.034050296636
235,62988.950069904284
236,80941.53355904469
237,48373.89906929462
238,40053.903899645986
239,73740.15905132268
240,36081.43796118202
241,62893.7915816573
242,84518.43838423853
243,53393.180602762615
244,53084.155212506565
245,50041.44948661084
246,64300.0315323015
247,54293.20747284233
248,49598.718964423635
249,50006.67848223268
250,50469.47538209826
251,53935.848196818646
252,71379.771288117
253,49079.03328177183
254,47462.38938321342
255,64609.50842731424
256,61798.34107784599
257,49952.27632980324
258,53989.387989022034
259,46505.93416255967
260,58272.89278779215
261,50779.22982546439
262,69084.5983589067
263,49839.713483878986
264,41490.50830044343
265,43960.22283574377
266,56254.190257740454
267,63290.5984909665
268,55841.08819739185
269,69918.28564655583
270,61441.050144563815
271,56866.5364912784
272,42797.08563312388
273,51320.47461984688
274,60720.5517385057
275,66338.71163611372
276,62953.8085961462
277,54764.16774669578
278,55288.17355956638
279,57098.71990113813
280,42112.142282022796
281,68390.39199513812
282,52609.02902204979
283,55168.73874849387
284,56120.77266087786
285,56655.615785029564
286,56053.98218406702
287,60311.86333093022
288,55017.802352210056
289,63739.5521058043
290,76523.98055943483
291,61417.30212984009
292,48658.39908844085
293,52363.62134555849
294,75200.38330932442
295,50722.072586301096
296,68094.90501386113
297,51714.77291775096
298,52689.89428969596
299,54507.85896348122
300,63441.377190953186
301,54317.732873370805
302,71224.9201589497
303,53396.53986883805
304,57291.29013809603
305,63712.53391471764
306,82385.20541901348
307,54407.922415221576
308,58689.78008752003
309,51518.50561912561
310,50634.65569923908
311,49073.85882075564
312,54253.08673839061
313,54527.1474310902
314,59545.34968166205
315,54067.65968445322
316,73605.95918109495
317,64299.7242314891
318,42015.60935579992
319,57367.74456466146
320,46821.011260774925
321,63511.175158170394
322,51228.49046839533
323,60522.30181824553
324,50488.87673208451
325,62218.45299041189
326,69298.94260749985
327,64769.90728566812
328,59051.83178096541
329,48371.14916883769
330,47147.38061711172
331,47197.92588016187
332,54045.78881395293
333,46498.48178959093
334,62055.92482316175
335,45998.653112795844
336,48227.45643709783
337,51152.506812719475
338,50904.66763889368
339,54252.08407844422
340,46656.06043567589
341,53492.930126559615
342,51673.964923835134
343,57452.423548906605
344,63248.39661335963
345,62613.28006660872
346,82193.404083352
347,56943.6840059872
348,49145.20523917064
349,60761.71119081346
350,52848.65163434066
351,41446.351492296686
352,46318.107331683634
353,54751.84030272639
354,63062.41276771965
355,60294.275838021786
356,61488.19482871723
357,56460.22276966076
358,58732.239023319
359,56166.400372145195
360,52919.60987712786
361,55726.44917598475
362,40038.22355943405
363,62657.31337680446
364,56252.47480697991
365,68245.75940466701
366,47268.558395834545
367,53202.76449499982
368,47621.958649372755
369,44837.50093239085
370,50590.43431106158
371,53776.99934684468
372,52796.818963310056
373,64124.9336179599
374,52508.965846025116
375,54648.35163309689
376,47280.402446778164
377,40623.47251971239
378,45407.139534588685
379,42421.70880749661
380,54267.915943079744
381,37905.42410514212
382,54610.33296129559
383,56268.56882360543
384,48693.99067658013
385,57543.96059779766
386,49088.40709335775
387,79302.21800766865
388,55602.50780824881
389,69646.1110573711
390,75088.88756247358
391,58668.12198677283
392,52814.844221768966
393,62353.948918738664
394,57380.87019905269
395,64474.985310202646
396,55591.9463411943
397,55945.74318063185
398,54256.24285471926
399,58456.762805071085
400,73141.12077862807
401,63536.841450790715
402,60757.69465310515
403,63359.4782624456
404,50663.3262017458
405,75684.40470750403
406,52389.68395617954
407,81977.73631369777
408,59360.9585079244
409,43816.72560593938
410,50646.07036641807
411,49211.88576895138
412,39760.290823340205
413,69471.0781020257
414,57051.94171210201
415,61673.890992629276
416,59593.45953483672
417,71052.49976493254
418,67795.8424679544
419,57342.11079835437
420,45015.825648362515
421,53571.561688054746
422,61747.36623368894
423,43610.431810158814
424,63651.27528117256
425,49386.07957032246
426,60779.305719656986
427,49021.43563585831
428,68798.15166916467
429,48939.30629878141
430,58625.19557737519
431,46865.13766797907
432,74711.63640272243
433,57307.272125390664
434,58156.36996712378
435,60527.827061588716
436,45833.65848965441
437,69401.91329798488
438,73511.02422353404
439,63273.905911242626
440,45914.8397048652
441,63657.9262953449
442,58640.875675386014
443,44839.01273376734
444,63138.435404427684
445,85402.21841284075
446,47439.82748979247
447,84218.61944498247
448,59650.94469880818
449,64437.43162198543
450,51187.72189345554
451,45849.01998111165
452,61382.33921163225
453,44409.333416634494
454,56246.74044101875
455,41730.51726061497
456,47320.11700424612
457,74680.83619433218
458,47563.01524742344
459,53527.03188721235
460,40366.41162108958
461,53773.857219010526
462,70052.09571353346
463,68020.61992778734
464,53162.28842770969
465,71068.73634376844
466,57860.913462933684
467,45226.17559597269
468,67942.1557533748
469,62364.52901689853
470,57575.15595534201
471,49179.82344418897
472,51390.03801921765
473,49227.03437214151
474,46992.48915797503
475,55647.91764691688
476,50354.50829283408
477,43288.87786453664
478,60560.44850321429
479,75563.33765940656
480,55567.09531999846
481,47064.78186178772
482,67367.83132557495
483,47918.64795312025
484,66281.065692187
485,57811.96929653264
486,65893.56758183156
487,54754.10853496523
488,73985.04119908933
489,49318.61660351019
490,50491.014327662444
491,68951.99201454091
492,57085.9108174839
493,47767.00788268834
494,48216.577467725816
495,60780.010201978184
496,71197.32694366136
497,37021.55793442792
498,41210.31073570599
499,63289.766479995145
500,58868.52788831764
501,42719.179162016015
502,61731.757223614535
503,56061.62754902716
504,54754.10344303837
505,46721.92399699923
506,54688.836990116906
507,71113.58919320075
508,61195.92206713936
509,52087.44642164572
510,62782.652253804816
511,53400.9830375897
512,57750.505126137985
513,51062.31017086127
514,51574.896720501376
515,50887.55357332547
516,41821.55708745834
517,54309.71882720391
518,70131.54837633873
519,49334.0140102052
520,49351.65095832899
521,64244.20011703059
522,55309.905473476065
523,58894.44678811507
524,43994.61880512498
525,67449.48046559
526,67220.22274990338
527,79700.04600185262
528,44157.09424054003
529,55802.20563954565
530,41559.168089515246
531,57324.17620286029
532,73231.42816840738
533,41209.09102022909
534,72619.94909122444
535,50745.440963515844
536,51861.84167943082
537,58605.812705794
538,50353.39700915639
539,74940.3341368038
540,77591.95294772633
541,47036.138487921846
542,50522.30443317398
543,45615.881645715264
544,66162.3000220804
545,71782.31559412954
546,60121.476746807304
547,55996.58780954998
548,67018.46324153975
549,50001.69403886502
550,45874.49808565976
551,63289.32169784639
552,50684.36713845432
553,53663.83520499043
554,47838.93932372958
555,39689.93288210098
556,69559.22994164235
557,67054.18816697554
558,67671.44426115861
559,64831.59099023486
560,53967.02728041614
561,47339.22659544712
562,64091.07143828538
563,59521.18697200354
564,54656.24350087279
565,75170.30468103639
566,57145.74800158805
567,54826.159046906665
568,66768.14118514229
569,64927.89650187659
570,67457.89396794599
571,57687.47904181161
572,55222.54913134227
573,54447.42209867052
574,56254.4035201506
575,47023.34530959801
576,62171.416017785996
577,38680.92830685746
578,52586.519617640304
579,54247.911143348516
580,51311.898476404895
581,63352.85180506627
582,38673.61152765664
583,43468.014135950136
584,61728.75502048567
585,61791.178668499204
586,58765.870666304
587,44229.6058118259
588,54571.69093061165
589,54205.206277519545
590,46407.71137367321
591,44760.08396725669
592,58181.811642474975
593,53143.50377029805
594,50501.31578269309
595,35290.02616410965
596,80553.23142173277
597,61711.51138373425
598,58913.55147738907
599,57435.129799254384
600,50380.284014384
601,50802.78582523798
602,70369.81092103005
603,50274.43786152127
604,41233.221436392036
605,54497.65166592948
606,52423.45263777626
607,52873.84163416541
608,60028.946335623266
609,50787.11182123831
610,42449.0016114489
611,49204.24771583251
612,52904.7888353648
613,55240.30478416008
614,54014.946327904436
615,51082.90168475836
616,45837.8444377227
617,45728.5762379144
618,57950.195232374135
619,47350.01954364091
620,74600.09017942101
621,51366.604022740794
622,64733.352363289756
623,64352.64354054812
624,76158.06882856156
625,65632.38155925028
626,54007.44505342948
627,53343.40225338542
628,54165.12105338042
629,59034.11154625537
630,81101.20388444519
631,55144.62090817647
632,38113.341384901265
633,64289.38064565788
634,37220.99126336363
635,60718.280128394
636,64621.44684923044
637,53756.167463323414
638,55042.298737502235
639,56743.991963796405
640,44408.39276513937
641,62697.728667580166
642,60859.950309150154
643,45834.08824857404
644,46293.920523774126
645,57723.84656371017
646,42473.32178999749
647,64114.91718305754
648,54407.36211472213
649,58422.91778376518
650,44844.13725617169
651,47946.29372459095
652,61322.04538666962
653,49921.25109288852
654,36679.840398419576
655,57182.035794114396
656,64001.875107519154
657,45497.02007061184
658,68760.7065582428
659,68574.25620266529
660,62493.42916125502
661,47348.382217387916
662,72206.24759900475
663,48183.7023191703
664,66851.63816439263
665,44705.79748344642
666,62740.61580503665
667,42147.81528796017
668,56132.0299399482
669,47717.12150097866
670,42355.719661612246
671,63499.29248672851
672,55508.74515401474
673,51469.36026847024
674,61664.10876793601
675,58544.28164454348
676,70686.43101706485
677,70368.20995453266
678,36768.071985987626
679,51046.378967271165
680,67093.21483935228
681,58716.265244210044
682,63537.00700613163
683,54350.81296408869
684,46519.26094634876
685,46263.99650478551
686,41546.40303345252
687,46088.93411270941
688,54019.72301407766
689,56325.536308743714
690,52852.00729370731
691,55127.755371314626
692,67558.77098890633
693,47208.961626940254
694,44763.59545431063
695,49300.056228946705
696,52580.90825412977
697,61829.13295888347
698,60029.3683455229
699,53596.87096057072
700,63685.80626693301
701,65396.57266214661
702,57593.05622952365
703,83974.84564031087
704,69099.50471597894
705,56028.41833155381
706,41312.37491642067
707,61206.55904532528
708,53456.42052039293
709,54719.41044083925
710,61330.45379452044
711,60897.351870943596
712,77655.88742634474
713,67348.60772868157
714,52118.23936600233
715,64781.489048654505
716,68838.77617166481
717,53901.57866517564
718,74537.70723794687
719,67351.10924089981
720,60986.57999755087
721,49550.45298313121
722,61958.8811701482
723,59667.516131175114
724,54494.21678533201
725,50283.60927484389
726,63785.118978489794
727,39693.692638467284
728,48759.100509757605
729,72169.73579168068
730,54951.621763706135
731,51807.52391982656
732,56910.17265083718
733,70472.9202972857
734,56075.84350307236
735,41845.59664622016
736,77543.21796785106
737,49456.340391935955
738,55107.48558237597
739,78535.72199346719
740,38441.17348198353
741,58268.3378582435
742,43751.40696795132
743,63556.04199104194
744,74191.61608668497
745,54887.730081820984
746,54019.91556118503
747,51818.471942480835
748,62472.32491355377
749,51114.79354168627
750,54067.95190725242
751,61874.64231001435
752,77476.60535906268
753,54583.92865592134
754,54164.312036569594
755,74967.18811446808
756,79824.5790879754
757,51177.799310330694
758,47622.197459451476
759,71008.00506171999
760,74587.71508465221
761,72527.25078318872
762,43514.112935070196
763,95497.00710586889
764,68198.34058668373
765,71125.12453373989
766,65425.37717443953
767,67477.45283158176
768,59000.80902866759
769,53916.17530692899
770,78913.42495644747
771,73664.88781185355
772,59646.15280417508
773,77336.08154267086
774,59012.013070834
775,48786.134656349575
776,56634.96986441182
777,48919.363191336015
778,73858.61497165056
779,63488.87644633492
780,74485.33391387353
781,58038.125686635045
782,68313.7764795245
783,78755.26838259022
784,54748.76493252328
785,49316.45756776233
786,54983.88619791702
787,69094.65573222592
788,38533.9187578812
789,59033.52798440163
790,77466.72546054162
791,76524.00431006802
792,52257.78460598049
793,72173.11191774264
794,53790.174798076885
795,58224.50549779462
796,55943.70431095331
797,59219.124988052565
798,63337.90293552326
799,55828.06269697908
800,68118.43690503504
801,73881.13948887281
802,64916.63200303598
803,87657.7983922252
804,48428.733477484435
805,74811.85184700081
806,48060.48088104437
807,61871.90700183941
808,62972.86833498146
809,50001.97079439701
810,48380.622792358634
811,65383.39916125708
812,72335.53117987496
813,68219.88909606394
814,56581.52659685861
815,48378.58273235028
816,49218.47650468859
817,76868.21817212342
818,50897.096984088894
819,63413.90763581321
820,44180.69826933839
821,50385.13931565815
822,66877.57376830593
823,49841.27337683498
824,55418.95929783655
825,56320.98935857106
826,52626.504016519626
827,49805.309829106016
828,52308.50815594483
829,52770.379340101215
830,49520.46591950229
831,62670.83727106051
832,58147.10987072852
833,67859.7869422919
834,87346.75101524273
835,63673.14465062265
836,57365.26039888341
837,59195.91770281156
838,53961.73178049044
839,63255.19996872765
840,56551.276850647606
841,61515.283861386946
842,54300.69862077791
843,84689.2900840354
844,71727.36387690944
845,57720.007411931925
846,67750.94482198168
847,95234.8432981546
848,64909.73371832858
849,62456.13101082461
850,68882.65544062034
851,66554.13696052339
852,63471.73017392499
853,59964.94913156107
854,62350.80552921635
855,72131.63104463533
856,49212.66737510135
857,59392.75759554
858,56817.18012901415
859,79999.81875967603
860,58180.05884535503
861,45584.694863617384
862,54383.44236217719
863,71041.90403884093
864,56943.44329041583
865,51170.35094948249
866,53720.5133369941
867,57305.502163988705
868,52240.216188146784
869,54589.64653759153
870,62204.17062920092
871,61381.21695440954
872,52211.90557921498
873,51808.969028149884
874,55039.7351168062
875,37993.5340225725
876,75257.6526565872
877,56877.18451859022
878,59321.65231247964
879,55719.65584796446
880,47644.26258868999
881,53749.133123139225
882,58114.5779801704
883,47414.65985052331
884,57300.88541161844
885,56735.97144244101
886,52998.75771861746
887,51475.41875496433
888,61936.940377025516
889,68013.9151556475
890,61238.70623271826
891,54082.189878048004
892,61495.931436580446
893,45934.93008871751
894,70376.40817968777
895,55191.89504631624
896,43374.089253664184
897,53035.48523761533
898,56949.46283011777
899,74110.43975080476
900,55560.15922935162
901,52972.18449321046
902,46600.99530365105
903,66618.9483531785
904,58933.307250329424
905,49863.931481920816
906,48838.78161843473
907,68745.4779197286
908,42889.76421315785
909,41039.550323199626
910,41628.71551543047
911,57561.58893460077
912,51255.89647384076
913,38807.357334489134
914,54881.46225296708
915,53181.4869493508
916,53650.67592083345
917,58314.759223422276
918,49927.21502963637
919,48119.62882739023
920,39653.66979699311
921,52971.55427331334
922,46733.14670336065
923,58434.611178369654
924,70114.1765708603
925,57657.457626320596
926,59105.32616728939
927,55460.87161175561
928,51784.33332866382
929,51378.51236501523
930,64180.256721391306
931,60139.03213323322
932,47576.89617399114
933,68481.53860448928
934,64453.54515208754
935,56501.24536985008
936,50242.94111442008
937,53599.17208271362
938,73554.16772896584
939,47018.79634643221
940,55031.12099609696
941,60442.74866509605
942,56187.264660186294
943,48873.95023556143
944,66252.13536084993
945,61971.27669935101
946,50817.73861661203
947,58594.779229420805
948,71307.69285047783
949,41662.710427467195
950,55240.484562412494
951,58967.18840648898
952,36891.4196323847
953,42782.75948496141
954,55550.987131830065
955,54667.24126384839
956,48165.09009102976
957,70581.15590697019
958,56318.78678750275
959,59739.96094918979
960,62342.24961049359
961,39369.84771443783
962,50587.573541690865
963,75370.5054672393
964,76678.66136241534
965,51321.7647711218
966,52438.66480004302
967,66428.5110102494
968,49807.1794977427
969,51498.37451502545
970,54004.6927543801
971,58539.41083857476
972,59273.59720997356
973,57981.44857350893
974,70114.54549107539
975,61583.317619322195
976,56160.95780482766
977,58311.91027683793
978,53085.32956312311
979,43394.14313389319
980,66522.45262698368
981,62690.296010151724
982,59882.36282319894
983,63866.87452925641
984,50292.520857999014
985,53462.82253811079
986,53525.909738618524
987,41414.35103474252
988,61361.60417018465
989,48486.23072103628
990,74236.43341894246
991,51986.92673251007
992,73354.18643841814
993,60803.53074826205
994,53524.95837033731
995,61088.3412927462
996,62923.311710600174
997,61519.62138784287
998,52246.731085098596
999,62104.24168182294
1000,71113.49193939278
1001,51394.97509333393
1002,48841.29184498488
1003,43254.45676170564
1004,59692.91702044087
1005,53602.67455865443
1006,46580.01744535379
1007,49557.253252834555
1008,72830.22126583179
1009,63748.157576751095
1010,46908.52899857789
1011,54697.75417958814
1012,43095.276959027826
1013,37243.66065528364
1014,60089.037986511576
1015,42478.42224924961
1016,36479.86703992001
1017,54594.50112908451
1018,61814.294214557776
1019,56283.19477624866
1020,69119.40811774293
1021,56218.58731699154
1022,50266.31614656283
1023,42870.78337167104
1024,57625.63369966334
1025,83713.32506100513
1026,61064.029795651906
1027,59086.51349922145
1028,57643.4166953818
1029,46682.37926719356
1030,55025.22586718078
1031,58286.29542987674
1032,64637.801504754374
1033,45846.21544916923
1034,64840.66658551182
1035,63404.77657244142
1036,52701.44373852065
1037,60377.08413973305
1038,45982.19656778279
1039,52096.52856225036
1040,64933.0841616353
1041,70294.42172324209
1042,72388.09577207292
1043,66616.10754586436
1044,57023.031844283534
1045,55068.21546715675
1046,67849.0235434752
1047,67337.05438067642
1048,47998.826160815355
1049,42229.043416246655
1050,61620.98731822392
1051,37726.435166374475
1052,42704.46183507795
1053,58106.00164805589
1054,49949.1223995417
1055,49650.21871399929
1056,52270.47187243809
1057,70129.15406926525
1058,50444.83092524229
1059,52337.57189412492
1060,84357.42337759872
1061,46643.71466459592
1062,62397.074546523254
1063,73725.66473611478
1064,61118.969523074185
1065,45535.54345629551
1066,50592.563710522045
1067,41762.42817854668
1068,59162.45701919214
1069,61519.63440662257
1070,62513.45066447443
1071,59175.74641456597
1072,83795.74600553238
1073,62198.75588322433
1074,35337.7927464461
1075,96780.5056439456
1076,83467.9855454808
1077,79188.00693621478
1078,55633.29488140965
1079,66500.0178505447
1080,89172.25358685173
1081,70279.19401534948
1082,55333.96422409105
1083,77306.06757405694
1084,48152.362387747344
1085,48237.48528189756
1086,64464.87160629057
1087,58153.821064578326
1088,40746.36667928192
1089,55283.709163217995
1090,83403.16938710891
1091,50556.27949169249
1092,64066.317911081285
1093,57961.88647746743
1094,52047.72418364606
1095,48380.506946760164
1096,50121.09925892457
1097,62116.03115360814
1098,48217.486189330186
1099,41219.72907096355
1100,40031.79604642104
1101,54678.95635236775
1102,58726.934329866075
1103,78386.22422292436
1104,67783.44527061042
1105,62688.391344485084
1106,46358.890085909174
1107,45237.86023671729
1108,69583.4583868972
1109,49261.78997002088
1110,67160.54566090931
1111,70373.15393349298
1112,53353.823438019164
1113,51339.32368550694
1114,48955.679339708535
1115,33626.35364400784
1116,50279.16306683048
1117,66299.84846759732
1118,40309.58245648984
1119,77069.05875394747
1120,61178.61422954085
1121,35769.057433036825
1122,52676.1132321924
1123,41877.92399178854
1124,71631.55133945312
1125,52972.21411384633
1126,48848.15497772485
1127,64351.74268569098
1128,40542.946638102956
1129,65880.10553385747
1130,50226.35211979072
1131,64423.96534633267
1132,51501.67113155478
1133,34798.48241768326
1134,43594.276464400595
1135,74577.62248572195
1136,51677.39513893225
1137,59876.37375630028
1138,58343.087775365035
1139,66636.56174278235
1140,53356.44475095794
1141,47783.662090137455
1142,67789.13555266823
1143,49389.247294945984
1144,55439.128386394485
1145,66909.9611061544
1146,62742.391379218556
1147,59222.9445728201
1148,43675.1217037291
1149,61780.413575519175
1150,53796.013708634026
1151,62165.646676131815
1152,53837.67048294243
1153,63986.17188549224
1154,58185.091842784386
1155,64738.04960917814
1156,62223.90152436006
1157,56398.171526948645
1158,42806.6906734056
1159,45895.548097314
1160,73728.35579995852
1161,73214.58496547153
1162,58367.41210563278
1163,55926.341546048454
1164,59499.33467833578
1165,55264.945177772854
1166,53121.67532775293
1167,62648.62638531744
1168,43897.223464218725
1169,53786.350152846244
1170,44202.13682647515
1171,54255.49316122004
1172,54159.06294511399
1173,63903.168930780615
1174,56874.02605178483
1175,52286.94078461833
1176,71398.14352444046
1177,53674.323612848195
1178,76058.02285876208
1179,73444.64078017317
1180,60525.64233902591
1181,47514.43303791216
1182,58416.859397842134
1183,47624.49593765077
1184,46920.50520627846
1185,61101.30137407492
1186,56129.314884732914
1187,47899.359136091196
1188,36980.671357131156
1189,55590.908285441445
1190,48820.008439477286
1191,62502.0401632275
1192,43127.70686230159
1193,78463.31537555244
1194,58821.942767474975
1195,52720.84695759943
1196,50838.17875096162
1197,60129.650579582594
1198,62842.736112513434
1199,41191.30275934255
1200,74701.05457179275
1201,54883.8739357401
1202,35279.16103800152
1203,69169.37912332274
1204,68539.26168235182
1205,53724.15548234642
1206,71081.91590239627
1207,41553.49760833106
1208,69180.28441744325
1209,69157.19516094653
1210,67329.46147850202
1211,51725.15247330897
1212,39442.511497888554
1213,55744.53517365357
1214,56840.17565083377
1215,55140.25533068838
1216,54443.506868198296
1217,54803.02290210619
1218,52854.083535833386
1219,83747.23939322564
1220,63035.30659241479
1221,67993.85544784763
1222,78517.35067653493
1223,51183.1899974527
1224,64356.459781161524
1225,73878.93174664942
1226,52152.30005101841
1227,65740.36930134987
1228,62741.10764694688
1229,62737.66459210504
1230,66678.3554180367
1231,75227.79641721371
1232,63030.99681826395
1233,43815.04665713418
1234,44153.42252008023
1235,41745.114484526355
1236,59120.46499843852
1237,55536.09967309902
1238,52646.82683364116
1239,48454.783266499915
1240,62866.83019466902
1241,74603.76604272962
1242,41992.56747505159
1243,54728.710642422084
1244,65865.89430040843
1245,46334.15224422313
1246,54656.09365667033
1247,72121.48510844428
1248,55323.81701913189
1249,65086.61021315552
1250,61212.50097979839
1251,74206.89133055117
1252,56535.831036652526
1253,49747.46509756247
1254,48690.16626444472
1255,61044.51874186818
1256,48284.15452816024
1257,54211.83200676052
1258,80557.57360737151
1259,88876.9939377117
1260,69294.93963742763
1261,73390.64358137142
1262,66363.68061105648
1263,46773.199511939936
1264,40264.4032656653
1265,55165.957117038124
1266,53892.113087286154
1267,56673.3872460584
1268,42431.54527963078
1269,50056.73594901532
1270,77694.91274586953
1271,58372.72817468175
1272,66990.83894372375
1273,56662.551051027796
1274,42734.050842777724
1275,53696.477094878595
1276,56430.831205343624
1277,46130.82315130598
1278,68293.69275588129
1279,69046.1150938149
1280,53564.7269646914
1281,48469.97200361796
1282,52815.54311804725
1283,49488.709912396436
1284,46257.944576068716
1285,37168.26512251923
1286,58024.47148746758
1287,68644.57227361338
1288,73201.90628899378
1289,61673.86143512866
1290,74919.40709350658
1291,45618.1788553594
1292,42954.09135900953
1293,71688.49338826313
1294,57408.96664306666
1295,62067.27395431696
1296,58198.17091079832
1297,63328.25041285151
1298,68019.63694130506
1299,45945.672685348756
1300,54248.05702827166
1301,62814.580382973196
1302,75876.37053456745
1303,63267.940692595024
1304,64398.375636891644
1305,57685.077692826635
1306,81004.09166743209
1307,54768.76732384116
1308,79280.46697241566
1309,60336.37756341852
1310,54564.48814157108
1311,57691.42169519035
1312,50531.321225204185
1313,40521.4784708466
1314,50576.40531295701
1315,47343.150981348845
1316,52063.99779136055
1317,69142.02598497446
1318,55397.479038071586
1319,65754.0953859131
1320,51162.53744700184
1321,55816.35503601096
1322,69626.70222539185
1323,62959.390481918745
1324,46473.79397789744
1325,62011.759318132674
1326,54734.38311668885
1327,57998.90302891559
1328,63894.34142050927
1329,77244.33828969259
1330,52188.16354660108
1331,49862.315314110674
1332,80535.17137703317
1333,73915.95354785006
1334,55218.310079203526
1335,59203.27201477773
1336,74270.79374966655
1337,57468.83628773004
1338,62818.49789287981
1339,52267.14032998752
1340,71114.03333683529
1341,58386.88534202712
1342,57418.74901201868
1343,76395.94186962058
1344,50726.68600451716
1345,56558.44456114788
1346,55319.99803532286
1347,64911.32155233653
1348,64334.88878825945
1349,52897.229335064134
1350,46277.179055588495
1351,67425.5934938649
1352,61904.7862343604
1353,56806.05549745246
1354,74692.46353331381
1355,55553.51745700383
1356,56815.67875993154
1357,56912.521998534474
1358,45745.84119207468
1359,59380.95532869608
1360,59755.716735315764
1361,60403.089255344625
1362,53197.44580771984
1363,73063.56642566947
1364,46274.65131708036
1365,67418.98946566036
1366,72986.72236043304
1367,69400.09567698688
1368,69307.85906950457
1369,49662.94228863399
1370,52541.13925544749
1371,71683.90208170352
1372,52754.75014693783
1373,41950.16601260399
1374,51185.29944061607
1375,63555.42129991132
1376,44497.055130027016
1377,66600.01826149906
1378,54714.59405003366
1379,53663.96200441703
1380,49304.26577724266
1381,88349.78309280935
1382,54120.00853039611
1383,66962.34234021258
1384,51403.20276275409
1385,61388.14728260507
1386,62488.22638748749
1387,78633.30997746404
1388,44406.72880393109
1389,62524.45133029013
1390,44122.815050577694
1391,41263.05526269512
1392,45542.74919785572
1393,66874.32824562443
1394,54973.43579673674
1395,72931.2504319262
1396,67938.46461897015
1397,64443.99525773559
1398,55204.457211821624
1399,53736.89450356377
1400,50642.4374811989
1401,57775.98258625941
1402,34558.39737030376
1403,69022.82281443808
1404,60154.77570680333
1405,49091.41730705452
1406,67699.75526894108
1407,58011.94849528842
1408,60100.73898943271
1409,59075.62156900748
1410,45696.788431796005
1411,70665.78277826183
1412,63863.184341083586
1413,57152.78577214972
1414,54571.228850240375
1415,56427.13437278519
1416,52179.32876060728
1417,53175.19261025532
1418,65088.00920268699
1419,83887.64396317514
1420,56833.191198694745
1421,58282.349432532654
1422,71979.51333821083
1423,55305.61751766289
1424,58760.06647303542
1425,49907.35243822489
1426,70630.01440304826
1427,73605.86991240787
1428,61449.91140424058
1429,59758.48391789434
1430,50314.475720257215
1431,78691.1685931652
1432,61917.68035793329
1433,53588.16865080689
1434,51768.18339309115
1435,40820.12727818967
1436,49538.84268460858
1437,48417.90261218298
1438,51702.68620656391
1439,58132.84629703289
1440,49175.394733298584
1441,61248.19830574324
1442,60984.150907300296
1443,61495.09093652783
1444,65773.38463663287
1445,53122.21104481638
1446,62117.69087314567
1447,62367.87262677807
1448,56096.54888759884
1449,58119.881414285876
1450,46096.886596844684
1451,59684.85479324336
1452,54859.32722791966
1453,36858.83489524277
1454,56679.39434865804
1455,51162.90563756752
1456,42127.286329867566
1457,57891.36186138068
1458,59838.97515828071
1459,59310.93446850403
1460,34204.11906921582
1461,40963.3174092458
1462,64992.644524137766
1463,47564.03936383674
1464,50612.861636835885
1465,63219.66373090364
1466,49447.3162009238
1467,57260.617339354445
1468,48641.67564873155
1469,48481.38576796885
1470,51559.66099053575
1471,54356.23878374062
1472,77383.56602481294
1473,61531.933120229485
1474,61296.30933282829
1475,56468.22707051141
1476,74447.66137992646
1477,49392.91932850278
1478,82062.81788315749
1479,64915.970020525005
1480,83713.64963771348
1481,70333.02187428174
1482,69095.24734429683
1483,31135.643747531692
1484,72446.36576725602
1485,46727.24830957292
1486,61670.84083999846
1487,52627.78230480682
1488,55790.87777328475
1489,61689.71913326581
1490,57116.863363544246
1491,53514.37266715993
1492,64970.946815804906
1493,69540.37147273438
1494,69267.09955258953
1495,66031.81011979819
1496,48101.40732503141
1497,69700.62275942505
1498,67983.43588892429
1499,54953.688794067515
1500,58101.33994058309
1501,56063.58855417116
1502,66460.1324183242
1503,49480.15169111518
1504,54625.06551513615
1505,73822.49203461636
1506,53431.513083341575
1507,39173.482875331
1508,48185.31462845601
1509,42690.94352132232
1510,58694.01461868626
1511,53374.91893513944
1512,65911.26442436456
1513,62294.09307936991
1514,58516.53025259512
1515,59698.610466687496
1516,48588.214429271626
1517,63935.275651377466
1518,41246.83185773384
1519,50428.127953676296
1520,54369.418981081486
1521,65928.70080291365
1522,51037.65464335449
1523,70638.2143189256
1524,55678.45195855283
1525,63602.907827566465
1526,58769.97808332989
1527,59198.20564407401
1528,40529.804058520676
1529,51258.009724823685
1530,66192.82358037097
1531,62692.04743787069
1532,64641.44684900578
1533,41938.85651768906
1534,51079.44108463994
1535,62129.409819818546
1536,57281.87140643455
1537,55210.36540689732
1538,54446.189324459214
1539,54807.83389927693
1540,52970.26069953985
1541,59566.90740562675
1542,42582.22747348465
1543,65786.63497629711
1544,50145.85884794463
1545,64795.058888116044
1546,72505.48828336153
1547,47440.114168525746
1548,97971.9913024041
1549,53820.265008161376
1550,54667.35289165471
1551,53194.47619144986
1552,59704.303270928096
1553,52069.3768991558
1554,74930.62049605593
1555,53823.588354447405
1556,49928.55547486334
1557,64351.09222306482
1558,52051.8545835674
1559,56244.88817163823
1560,50735.17855970614
1561,54677.29318469286
1562,74200.80610485375
1563,61590.14553432467
1564,54422.19265189071
1565,55395.90790580597
1566,76625.9674733672
1567,71640.2855191445
1568,46022.263690268876
1569,48255.28456483493
1570,48085.022783042805
1571,67777.63407775843
1572,42524.392326846115
1573,57778.67363971457
1574,51081.92464088239
1575,39358.74658518292
1576,67973.98422178863
1577,62694.05782999221
1578,51826.195593002754
1579,53245.36035301894
1580,60858.3937361056
1581,54458.1522576564
1582,56292.40201285821
1583,65575.96802862981
1584,69121.07513813063
1585,60124.75385873113
1586,47874.495700776606
1587,43019.984263645536
1588,77426.01987396866
1589,66380.82983534047
1590,70599.41589505022
1591,73006.14900689867
1592,58651.43233372831
1593,47626.42174877026
1594,75942.38128333683
1595,76438.75867442602
1596,55171.2653197501
1597,52941.914704291135
1598,69824.25899040203
1599,69096.28967145861
1600,61232.07742310165
1601,47581.59455558764
1602,46911.93776377474
1603,43205.397683468196
1604,78040.201775336
1605,68368.87624986729
1606,61930.42347256499
1607,50303.26764703743
1608,68753.66419915934
1609,55499.75654429988
1610,60936.90795201435
1611,43010.757540974955
1612,42977.72388826106
1613,62576.613261283375
1614,52566.41859309647
1615,82602.73084975622
1616,57886.80177533754
1617,67777.03079971112
1618,52920.35641265826
1619,60890.096465105824
1620,70039.0729632858
1621,64421.63280256924
1622,48809.964718714386
1623,75530.82239941458
1624,82691.66669747254
1625,57457.05154439696
1626,49335.835227335585
1627,69970.62648240222
1628,52720.87101359846
1629,45610.77212253467
1630,61318.1966984833
1631,61559.53671248342
1632,60217.17768733583
1633,61623.217834934985
1634,72435.18877620454
1635,54080.174505968294
1636,50982.41615154219
1637,70586.79462627761
1638,75884.06430417432
1639,68237.60256361146
1640,55327.70309414964
1641,63503.11717577378
1642,44238.54230068898
1643,53440.549187112505
1644,66520.33148088373
1645,54940.41403515947
1646,48965.089999419
1647,62371.029117858445
1648,54799.59475528971
1649,57801.88168227608
1650,46479.9759400406
1651,59482.98304849843
1652,46565.33801357696
1653,48801.853736625846
1654,63901.138454284344
1655,50702.51849322261
1656,42428.50169292514
1657,44041.64727646458
1658,44669.84058262619
1659,55214.29099665368
1660,60699.1023760749
1661,57599.09238251062
1662,74572.95489539328
1663,47621.723185259594
1664,56519.20848230747
1665,67116.99663205979
1666,34476.090988015465
1667,49148.07345475991
1668,44102.831522418994
1669,73727.87526549047
1670,51388.6023895785
1671,64764.41088750513
1672,52254.42691850759
1673,64356.8230856572
1674,41906.59833654194
1675,66628.98680672461
1676,45054.317727216534
1677,75669.82913000749
1678,55734.92517150189
1679,63145.11994083318
1680,46437.14829849992
1681,47018.66301241338
1682,74457.2951457798
1683,52998.27020510291
1684,49138.14759744795
1685,58605.82189340081
1686,43512.53304588921
1687,70728.02123206221
1688,56308.09310730604
1689,44473.13232615538
1690,40589.60736838615
1691,64239.964658650795
1692,58253.29453098771
1693,62891.42106194916
1694,62914.28945958235
1695,57411.96170196092
1696,46087.51997826176
1697,40280.83479848635
1698,52053.67597917959
1699,48161.70004734705
1700,61384.75853034756
1701,59927.457469361376
1702,54752.033248800755
1703,66322.75435542403
1704,60992.86877966219
1705,54851.99574299223
1706,68246.49980207453
1707,48997.04261350119
1708,52323.54750415953
1709,61959.946702017085
1710,52360.28409738173
1711,56045.1435176346
1712,58115.46025115061
1713,61966.705890773446
1714,52861.0548091377
1715,54794.18649501158
1716,38990.9454158146
1717,54335.60467229936
1718,55854.82132429851
1719,53184.764109884374
1720,45718.09682981996
1721,60426.788463480974
1722,65203.60089251642
1723,49781.59513781115
1724,48963.245503561644
1725,40167.336842678174
1726,70892.72528398002
1727,53108.7841185831
1728,49367.57533851375
1729,58205.08592842345
1730,58574.44398974364
1731,40761.30140500785
1732,68184.71154913105
1733,54252.07112519842
1734,40236.670255505334
1735,31127.1803685214
1736,49622.01664726889
1737,57217.147180047454
1738,61948.77070294327
1739,66745.90096196778
1740,57956.40499532488
1741,63280.2995349502
1742,65845.60846440162
1743,62939.21329920774
1744,52151.76680334106
1745,46252.838034251006
1746,44788.07682116724
1747,47790.406985301976
1748,42272.57947620142
1749,49996.30041544624
1750,62843.503017722025
1751,46003.13933713478
1752,55988.85030822517
1753,32184.15277909168
1754,73773.45375544831
1755,73489.71190680822
1756,67862.74604079463
1757,64630.399160445726
1758,47184.461914950276
1759,59335.783398709165
1760,48246.20188149354
1761,50816.60285093369
1762,60172.622124133566
1763,51578.11303991048
1764,50515.807169596075
1765,76785.3559431667
1766,50056.92730139758
1767,55995.067713759185
1768,63528.13357573137
1769,54947.21724540929
1770,48171.517677848744
1771,50022.850178868604
1772,50715.60262496172
1773,56010.00801046939
1774,59132.86507678025
1775,57797.33976614188
1776,52112.64382047153
1777,57290.23570436783
1778,53716.64097717429
1779,63279.80004081707
1780,57800.854181188355
1781,51124.2340633776
1782,73983.00195893811
1783,63486.8508709305
1784,44324.590320909476
1785,54932.77446281153
1786,59149.56672967044
1787,44820.37409865816
1788,37463.61319449802
1789,58486.87540675877
1790,49193.448531937756
1791,57198.16797842995
1792,46342.61234150024
1793,55131.81742655924
1794,60640.60392440156
1795,65845.22059296742
1796,52283.31276392871
1797,64039.555401120284
1798,51248.457040489404
1799,69079.86889488749
1800,63320.147492726275
1801,74605.05800854282
1802,66225.25084869131
1803,52257.06259669941
1804,56914.62326461334
1805,46553.99045944717
1806,58603.239206989696
1807,61699.2695761998
1808,57271.91814842786
1809,71709.00722610453
1810,54783.88040108822
1811,60528.60502104185
1812,44177.07392346261
1813,59867.81554235299
1814,59957.9685547124
1815,43848.265865891975
1816,55488.805680610145
1817,49801.27491335036
1818,46466.14872057583
1819,59822.23700105164
1820,57603.61145597145
1821,71306.90293578204
1822,59112.03803523737
1823,52366.69619274108
1824,55851.07884494645
1825,57890.67925269744
1826,53199.41519765441
1827,52598.214454074
1828,41167.269587212155
1829,56782.44797344145
1830,68220.32367327629
1831,41899.28903476993
1832,52998.69243085728
1833,52140.06848074949
1834,71967.96876996264
1835,71211.09940470438
1836,44398.24311640425
1837,48002.558794873265
1838,60592.5277053182
1839,66709.21548942909
1840,61136.3480456788
1841,43478.53161011025
1842,66394.97265454227
1843,47345.07606100034
1844,66878.88440172776
1845,50021.120859424365
1846,57039.689447337114
1847,57619.39433578225
1848,63179.808456778905
1849,68586.87414340937
1850,57732.345200036936
1851,66119.99772209353
1852,61032.65445114371
1853,52525.53852930095
1854,58182.025082009015
1855,55836.49469265032
1856,57508.98045965176
1857,50209.06797241973
1858,56073.76958559521
1859,47155.18578681879
1860,52467.68505157569
1861,42901.81439666782
1862,41731.724346634066
1863,66023.60829810065
1864,54743.8956692055
1865,60938.57446903495
1866,56818.27047242235
1867,50314.05275869971
1868,50313.72544687754
1869,55993.80307538783
1870,66530.7549131113
1871,65595.74061881169
1872,89599.9621851918
1873,46210.25617917572
1874,54679.90432306063
1875,42102.88555762102
1876,60682.018947838646
1877,41635.75489962569
1878,67822.26888528904
1879,59105.420328406464
1880,48150.17907402603
1881,61518.881468872496
1882,50384.34586017766
1883,63195.82869683726
1884,39068.16463730087
1885,55241.765324182634
1886,52861.34199897949
1887,61603.97751403539
1888,62591.97583457453
1889,55363.73069993331
1890,52170.23076668613
1891,47046.90139983837
1892,53472.49258482997
1893,59482.960202727394
1894,51584.178812629965
1895,44832.51380849382
1896,55900.1579239821
1897,71714.67791434526
1898,53985.48083875263
1899,54403.46213658475
1900,55064.06350526312
1901,53587.165846439464
1902,64026.2355225626
1903,64004.772661796895
1904,55173.00281264771
1905,64849.64082051376
1906,42962.94634406551
1907,56577.3078944795
1908,45196.080137713565
1909,76722.73705399715
1910,60498.53885494797
1911,57724.740389822386
1912,79036.40948086353
1913,58224.56982730574
1914,41413.94581853779
1915,48055.425174811186
1916,60127.24585408445
1917,54724.89214569239
1918,65675.577953786
1919,46660.07182144794
1920,84866.30905212591
1921,59626.20316395375
1922,51435.95865448857
1923,53078.23333638078
1924,52390.06002350457
1925,57731.036439615214
1926,59467.86976745832
1927,52334.91233287634
1928,53714.916520561404
1929,59832.30826603582
1930,71001.53061560646
1931,54618.20653719863
1932,55211.06754767023
1933,63612.65858343137
1934,65558.91394498122
1935,72325.94256679784
1936,43889.972967519825
1937,77850.46696297529
1938,52664.84702627532
1939,59327.864081311585
1940,59643.02999191777
1941,66987.41196360937
1942,73727.0764025116
1943,42440.417314150895
1944,61921.62679344216
1945,59481.59717456033
1946,64661.0021616557
1947,74193.14316018525
1948,72110.72471934043
1949,58392.062328423235
1950,48204.41978460527
1951,61211.51992911426
1952,47819.665628831484
1953,47474.75581544847
1954,52375.62261441947
1955,58548.93756526617
1956,51663.60446418349
1957,56369.36600667215
1958,62097.084536543065
1959,53822.92831063981
1960,55088.64285021221
1961,54990.42082919914
1962,58175.912777385965
1963,53314.26786143011
1964,36218.63027735435
1965,61013.81514107485
1966,68841.14720404724
1967,81206.1055012804
1968,40119.1186785983
1969,66740.54960510916
1970,57632.07663278378
1971,48310.4503179671
1972,57584.33532532617
1973,63871.38696121135
1974,65225.65177387059
1975,75632.65365974764
1976,51087.69150718533
1977,52646.15678706627
1978,58213.815292415726
1979,55796.3604773427
1980,59929.043428123885
1981,53922.313895952655
1982,52341.615739733184
1983,53910.55874892103
1984,67954.36640704359
1985,72148.60648005645
1986,67750.06855102726
1987,77308.35854304503
1988,50116.96319397665
1989,44232.88928818466
1990,97449.84397142648
1991,81887.21942232393
1992,49792.94382832468
1993,46852.666040899436
1994,67957.87409266362
1995,67555.08365599942
1996,60239.457660851534
1997,87651.63744812689
1998,56441.391040351504
1999,42902.39103272538
2000,56855.68158560925
2001,51993.48478572355
2002,54750.25325979391
2003,58298.59830438563
2004,54362.161640385966
2005,62153.35485682606
2006,64375.63492226061
2007,72378.83621006316
2008,61807.597280506634
2009,58210.90333260477
2010,61476.026524695146
2011,58700.5812246416
2012,67408.46109546145
2013,50489.190008457066
2014,51748.450078874244
2015,55414.26227542751
2016,56324.01166694782
2017,46760.08288317273
2018,65312.12548441217
2019,36871.214285184
2020,62566.33311781642
2021,52560.42327900776
2022,58244.26821265124
2023,41557.45836009656
2024,42882.10262836198
2025,56448.90376745608
2026,42894.008889015495
2027,65887.02673853376
2028,56804.14480682174
2029,67445.07388843277
2030,60108.05300531853
2031,61970.38926728639
2032,50547.406636462656
2033,61600.742909073866
2034,62925.827270499656
2035,59777.083718097136
2036,55941.67362807477
2037,42844.205874334526
2038,74894.05920907797
2039,61086.57365632491
2040,71848.70900410663
2041,44409.14235562905
2042,61575.9895670992
2043,69638.21879917517
2044,45116.95844474607
2045,77720.85758387938
2046,58745.39459403654
2047,51476.811251180436
2048,57527.25240830644
2049,80168.17731287135
2050,54724.30191393225
2051,51947.534578746876
2052,58280.35169150801
2053,62533.76967057166
2054,61155.79314072874
2055,59945.90815212055
2056,41209.44255762838
2057,65753.20788429359
2058,51344.4211828697
2059,51706.5685617632
2060,48759.92931874392
2061,62316.3075516751
2062,48365.026152600876
2063,63421.91463028985
2064,61032.552535583185
2065,60009.89812186306
2066,58843.60045529464
2067,81792.39727843662
2068,70491.36757333604
2069,55946.372149582414
2070,66119.80910687285
2071,54196.46330544467
2072,60449.3430726912
2073,49738.54704665021
2074,79703.06667334272
2075,82140.92612865544
2076,71243.28623880896
2077,70439.11076026206
2078,42664.36464249706
2079,57028.10704399121
2080,53388.07485501809
2081,52787.76257641992
2082,65669.70627332758
2083,45439.88618360426
2084,46438.4650662003
2085,69611.02029267473
2086,52020.30291593334
2087,55177.73289369956
2088,62262.82462000335
2089,63839.314276882695
2090,53580.13207803913
2091,52826.690828546016
2092,43116.46627481946
2093,74658.78598542386
2094,59977.34626069603
2095,66205.31195792451
2096,49545.611146941985
2097,87804.8128157591
2098,56902.3769337246
2099,50206.1272892592
2100,73110.96032273493
2101,43238.68904701117
2102,43950.83206464487
2103,76956.81015416258
2104,65743.49286095968
2105,57849.2225442194
2106,81800.54548054513
2107,59068.5436507673
2108,60171.15333048212
2109,52119.03945606491
2110,39483.78631575602
2111,58380.571425478425
2112,57094.80691079263
2113,91355.90134395404
2114,67648.60152847391
2115,54095.77761182618
2116,49667.41893298065
2117,56430.825476943304
2118,43478.11096416723
2119,58202.8121423053
2120,53935.96989912215
2121,57445.16816737073
2122,62279.25082410943
2123,57226.17429610866
2124,62057.05171918765
2125,59154.38117479205
2126,66838.36597638857
2127,45256.18105475011
2128,47259.879316586266
2129,49935.136048411696
2130,70404.69698311923
2131,63062.25975391142
2132,70027.62140651993
2133,56561.08907170167
2134,61098.90066951908
2135,60337.53407307268
2136,70965.74727475326
2137,61308.46183126475
2138,62644.17383905468
2139,45624.830610453384
2140,62614.85760298395
2141,68552.93497644887
2142,60129.5828061734
2143,67525.01944958394
2144,56012.047780593944
2145,54944.95261527229
2146,48366.24269497637
2147,63926.68096781315
2148,57630.53718509651
2149,61754.46798196944
2150,44212.18012879058
2151,65664.4089976737
2152,60835.50397013512
2153,65642.00582876448
2154,31497.30316902936
2155,58821.93148878173
2156,55792.45315296446
2157,66656.45053361283
2158,52563.583913418086
2159,62896.9834787947
2160,58451.32968036316
2161,71598.4351572817
2162,53779.334674390775
2163,54312.58891629262
2164,51832.17315937606
2165,60989.59317190461
2166,36456.45470486119
2167,43089.387995860954
2168,46068.75975068124
2169,52720.53009404374
2170,43562.55294358478
2171,52087.082494803275
2172,54770.144712359506
2173,43962.16566287237
2174,55712.65725059393
2175,37511.96106541589
2176,64715.807955309654
2177,49594.85372926807
2178,47118.99495553962
2179,47038.15510014098
2180,43124.3143245123
2181,50923.41751893115
2182,47515.53818423757
2183,62947.21791575775
2184,56703.925010855215
2185,51851.8613141567
2186,57395.543122539086
2187,47799.87765963453
2188,42158.09430880379
2189,61847.26955270588
2190,45734.482595548536
2191,45400.21208608776
2192,61028.46391264045
2193,47666.13686672679
2194,53564.31076756607
2195,68763.16570627238
2196,47885.9527983888
2197,70852.58829231508
2198,54306.61810935046
2199,42153.315024971125
2200,58277.02585557705
2201,48773.7198781005
2202,54892.521195928835
2203,63780.65708309241
2204,73917.24795831935
2205,55803.9969278134
2206,52469.40025683914
2207,63457.14896243146
2208,58448.750916947225
2209,43515.42435752064
2210,64422.42709852425
2211,69454.7088422987
2212,69472.59694555461
2213,46203.60173413665
2214,54471.34436420162
2215,51747.827208348215
2216,62625.938919819615
2217,58513.369862979845
2218,68828.9916459634
2219,47898.756448028165
2220,52735.5733283562
2221,73842.154919634
2222,60719.95869571601
2223,46524.786107581065
2224,49247.38749409947
2225,58148.04300036902
2226,66648.28445539763
2227,61324.43268473782
2228,45942.16720247515
2229,39282.92112650105
2230,46426.39818245655
2231,72801.3066472092
2232,52796.62369040783
2233,78710.2989605255
2234,66777.46127336133
2235,55249.41617347854
2236,66504.1460717289
2237,55551.21224033033
2238,52285.54964624315
2239,35683.88415005436
2240,55862.387031671926
2241,43138.33293750399
2242,58344.71613830217
2243,50448.93519876159
2244,44680.11463531301
2245,56178.02555406602
2246,55881.87173717369
2247,57167.02167737133
2248,62200.12113988509
2249,93686.02713409849
2250,44404.521714609764
2251,62958.69823727789
2252,56964.034894005046
2253,67724.38016423
2254,53744.02563285051
2255,56536.85420839536
2256,53962.46203924442
2257,64922.20168308262
2258,54334.64309038932
2259,58611.137863106145
2260,58437.50144483298
2261,55161.776856071156
2262,63769.1017532848
2263,52699.14679884691
2264,52780.26042393368
2265,62758.785775891345
2266,46661.20697664184
2267,58337.07244944579
2268,56056.15352286152
2269,51242.44645584193
2270,47801.36348807028
2271,57874.198046310165
2272,60607.93473284764
2273,49323.66760751817
2274,67109.20214816832
2275,58198.960243281464
2276,51070.76273588659
2277,52484.396095898366
2278,60836.90066077172
2279,53621.75630669585
2280,54587.05651652405
2281,58360.93030940094
2282,54133.66577662112
2283,64734.732430080876
2284,62528.96618993504
2285,62165.07168947063
2286,55586.65936961709
2287,44544.27737086888
2288,52635.3222183252
2289,59315.0421471458
2290,53969.73555515252
2291,40312.600195844105
2292,55847.98765352553
2293,70241.98219668509
2294,49263.339527806325
2295,40544.18875109601
2296,49594.60780931313
2297,62228.162995627215
2298,76196.83473255335
2299,56074.07190740726
2300,45896.45362112379
2301,80471.28145363933
2302,48874.09256276666
2303,58394.85325556973
2304,45551.963302635166
2305,75697.72511920525
2306,58379.22347299265
2307,46685.06572191239
2308,52768.81739101137
2309,63222.463081316506
2310,57920.91084552062
2311,45878.72974466632
2312,69441.13196423692
2313,67171.97911785197
2314,65059.439979820025
2315,77932.40889793955
2316,61698.588257477604
2317,53593.63378492402
2318,68237.39153962879
2319,66434.9187883878
2320,61206.614575478605
2321,50558.98294886476
2322,88967.8607591059
2323,70887.76154889003
2324,71445.25298939197
2325,56608.18150164738
2326,51548.23992854364
2327,44878.77176740925
2328,36154.432016739294
2329,45921.27185329941
2330,62998.39942920481
2331,45268.61086990458
2332,54301.848948437
2333,39270.981682257625
2334,71888.07388487131
2335,48884.88184283865
2336,51620.819513152164
2337,51940.34084618701
2338,60364.112707383174
2339,39892.970851479215
2340,45189.96498169107
2341,68416.13154372078
2342,67588.61427861241
2343,51718.420181568814
2344,58946.69631404359
2345,68581.12388760944
2346,55960.192893083826
2347,41573.489030018216
2348,48595.54499943605
2349,52530.35098506036
2350,45094.4493445574
2351,38186.24419230979
2352,63537.03427335973
2353,49161.813473601425
2354,63116.643291729546
2355,62311.11588889801
2356,49458.70296594116
2357,45998.37203694913
2358,66341.30137609618
2359,65250.60755564831
2360,44889.034071282666
2361,65779.45852731077
2362,54720.65458647162
2363,56094.67907151777
2364,64613.31947276132
2365,56853.93402093045
2366,59671.41304975119
2367,79059.4085903671
2368,61624.09389153163
2369,57661.03168012809
2370,64066.51268375009
2371,53447.825442679044
2372,54505.88537786252
2373,40067.04971679227
2374,66092.39284828644
2375,60349.90986976599
2376,57078.197634697455
2377,59564.69313405396
2378,58053.74705443278
2379,44889.69737376729
2380,66413.90667228193
2381,45739.32274418078
2382,64836.050703714085
2383,81585.1799313341
2384,72303.49834293543
2385,45501.088478018115
2386,62285.647664970835
2387,46540.301462494914
2388,57165.74051594587
2389,67331.8175253247
2390,61702.00340566231
2391,64170.35937723464
2392,49106.57660721041
2393,53662.091132061076
2394,65985.42692307784
2395,69206.20002049947
2396,66821.43807185508
2397,54700.177816005365
2398,44880.64977141654
2399,49336.958659084776
2400,64907.87167680632
2401,54517.18236854287
2402,60268.130109732156
2403,41278.93675046112
2404,55722.22224251251
2405,51918.23835810728
2406,54362.603194345626
2407,62928.17519283867
2408,56700.159291544725
2409,57498.55075662441
2410,56415.52917842459
2411,47439.774779003
2412,49608.4449549318
2413,83810.09108795825
2414,67647.29036803998
2415,52842.12875386812
2416,60550.513427140926
2417,61054.42100942714
2418,61755.42269647939
2419,54543.97468350756
2420,53602.7718095537
2421,61658.04451446405
2422,50325.338519326404
2423,55863.790960709215
2424,44095.24928059255
2425,75326.16594773043
2426,64925.03925787082
2427,61791.8928378981
2428,45670.57758579141
2429,49086.60384509788
2430,60630.60898603631
2431,52649.39176227931
2432,60008.9409166274
2433,75381.79278717923
2434,67946.61496790487
2435,49588.65559820408
2436,67341.89535098593
2437,52069.94547790361
2438,61378.90391139017
2439,58524.46344490247
2440,53001.194468694004
2441,54097.75395193842
2442,57960.19922057928
2443,66654.85896438383
2444,58621.89750848332
2445,64716.00750534578
2446,54209.48313876931
2447,55352.85293183948
2448,53518.85514647201
2449,52373.07565433973
2450,51606.26759799381
2451,62408.767965159495
2452,60005.71448875268
2453,91070.95800848812
2454,56656.95095483842
2455,45509.12139574743
2456,61459.64481820611
2457,48587.37807247521
2458,56380.698284672726
2459,56641.118872166815
2460,89427.01938241714
2461,49849.21925133827
2462,41226.82071084154
2463,49569.42013422417
2464,47101.98278928129
2465,47267.764848195366
2466,54797.699310826334
2467,62277.218487821716
2468,61505.871173181804
2469,45043.53251809395
2470,58822.77716332013
2471,54167.78884574733
2472,55817.19776919465
2473,63021.57243567682
2474,56678.33219059164
2475,65835.3896832473
2476,51303.70127880531
2477,60580.61250042254
2478,58978.860866114315
2479,40165.88891135314
2480,53302.39850175491
2481,53558.57519112298
2482,52407.45308235784
2483,46567.0300709217
2484,59113.79555157901
2485,48121.29439792337
2486,45495.94473876029
2487,56812.231481514165
2488,54354.7054978446
2489,50148.534271118835
2490,43824.75178473746
2491,68540.78029776936
2492,37914.01701496795
2493,77309.67499839107
2494,49055.18084949193
2495,42336.09334210632
2496,46111.62660615481
2497,62370.730636240434
2498,52553.58306840999
2499,38535.45507853705
2500,55045.75837493457
2501,46940.72937094844
2502,56694.98692713758
2503,47290.602216094165
2504,54963.597526029065
2505,43497.068848721596
2506,73534.9873838681
2507,58952.87484044399
2508,55288.553560541906
2509,65473.45108319976
2510,57676.65805551493
2511,53742.32686248921
2512,58966.96387474786
2513,55261.27031721689
2514,41603.877660809194
2515,54334.690300207556
2516,55905.909281140775
2517,54231.81430110405
2518,64704.295265351066
2519,91802.6111752343
2520,66560.6515546175
2521,72857.78080156774
2522,67675.51169861434
2523,62827.183881976234
2524,59552.14558448617
2525,49540.170071262975
2526,72863.62764700495
2527,43752.29962003048
2528,60811.78894757213
2529,50506.7734836359
2530,80375.7453272217
2531,43059.33409490629
2532,46520.5100619837
2533,53435.76925371951
2534,51070.95131612816
2535,61477.55504167763
2536,60591.748976669376
2537,70553.76299742467
2538,41097.976517944895
2539,65267.415356321704
2540,62880.7928743439
2541,46112.67202621129
2542,45961.12541744147
2543,51891.67952944949
2544,60071.175466300294
2545,41365.52911845455
2546,57150.30823018613
2547,58194.29204585947
2548,48670.79272749552
2549,53616.39869477551
2550,71812.49248789152
2551,55520.79836897893
2552,71204.98717458417
2553,44096.9913227923
2554,63631.76578475633
2555,51422.475994042084
2556,47374.45562478369
2557,50142.20144727095
2558,64011.322310494754
2559,54449.41184553739
2560,70281.9282236315
2561,50330.0787176171
2562,88206.88735096334
2563,65456.49551050951
2564,50553.91687391707
2565,55470.41594441686
2566,54335.6710016641
2567,58902.98842246934
2568,66061.33020529099
2569,69471.12230194749
2570,40951.79778970886
2571,50733.95739641634
2572,80549.95452586524
2573,75640.33171524845
2574,49669.70651377166
2575,66037.08465938087
2576,55311.359393225786
2577,51461.48906982795
2578,53589.106191919724
2579,42192.20728343931
2580,51885.8868996936
2581,66651.34985856124
2582,73135.87000966161
2583,54354.80177170666
2584,43928.94947122024
2585,59644.29722209885
2586,47577.650770717846
2587,45784.48268240458
2588,64360.941910024514
2589,53738.37468752377
2590,73160.56347075127
2591,52201.00089913783
2592,54164.405124142686
2593,51983.39861731892
2594,43796.664945444114
2595,62864.89572771381
2596,48429.28470425675
2597,82012.58519478672
2598,55072.87047860555
2599,69430.44338308711
2600,49803.76812050378
2601,53301.038516466826
2602,57930.96728378311
2603,57659.05929650158
2604,57564.9820160085
2605,70843.0355394192
2606,60711.24677187534
2607,51432.84693847519
2608,51728.09337581156
2609,55499.710271254466
2610,43443.57400389767
2611,53091.59836573037
2612,74404.71992298287
2613,57781.22781361886
2614,59320.979004927
2615,61213.7433877902
2616,47884.926793165425
2617,53360.806101028946
2618,53160.929486087734
2619,57836.70053724171
2620,56621.86548217966
2621,53950.56505781755
2622,53296.27252348519
2623,60794.496392044464
2624,58602.680753928005
2625,53670.087778027555
2626,48115.10488054854
2627,81232.08994556383
2628,64992.20779817711
2629,51421.087135141766
2630,37358.48810365437
2631,66323.14487193516
2632,59625.09219823814
2633,65941.40088042915
2634,54256.66809262546
2635,44507.12857605574
2636,48337.964532538805
2637,63647.19440327045
2638,40108.148949898285
2639,59130.088070465834
2640,63912.8844552993
2641,45293.66884818685
2642,60834.118460567144
2643,51539.175430246796
2644,82104.64551165813
2645,48147.71978707329
2646,63893.57858949187
2647,73992.53382151156
2648,72887.11800822038
2649,60058.40091581842
2650,51682.7718310796
2651,72263.74313053537
2652,52060.662509934664
2653,44919.53568161625
2654,47421.06860461157
2655,54080.67667542624
2656,46133.36078682341
2657,48757.972331299934
2658,44024.430415724804
2659,57120.125520324924
2660,54656.57177478974
2661,53668.28008406293
2662,50655.12794242907
2663,66735.64468903471
2664,56535.17460741743
2665,38304.66354233993
2666,49847.66162115683
2667,57436.16839749236
2668,59679.83788272277
2669,50789.29655592913
2670,45179.446483130625
2671,63219.879155469804
2672,48235.797877306475
2673,69667.8960747991
2674,55077.212827009535
2675,46020.293263722146
2676,55748.36372042392
2677,54015.28791856295
2678,58258.20546963956
2679,58570.02796017764
2680,50931.01788009223
2681,74293.07955486105
2682,55555.00121702919
2683,68369.57126502908
2684,64467.22242234772
2685,60211.219522800966
2686,57774.024262686566
2687,57704.51604302803
2688,51299.26642151838
2689,57438.51034713262
2690,74970.96017710054
2691,56280.48872356609
2692,60251.068314848744
2693,68305.01351859627
2694,57057.51450627149
2695,54140.068521581576
2696,53410.96863345039
2697,58528.79469029816
2698,57359.761343819904
2699,65014.48342876736
2700,55671.42595174418
2701,63087.49849396059
2702,39996.47992968304
2703,48444.75070252205
2704,80191.41150184297
2705,67104.63829165007
2706,51590.35557934668
2707,62801.71232666658
2708,77417.45284020226
2709,54314.866530885076
2710,64402.90405743061
2711,54678.20901390047
2712,83965.90684894776
2713,43079.206351368004
2714,59664.30092422527
2715,50676.48803421134
2716,50587.08402874956
2717,55260.59500278243
2718,78549.01100916303
2719,74499.11248127594
2720,51815.80645813506
2721,49946.55530782465
2722,54329.60555574149
2723,45266.28960581191
2724,44622.0497951402
2725,87335.92655291231
2726,62445.50093679868
2727,62082.25270666678
2728,43839.33282868774
2729,78640.51198807643
2730,68026.42632088118
2731,74983.87167816547
2732,37131.54928248927
2733,72931.51711363757
2734,64302.2616210047
2735,49537.7374443095
2736,46511.92981368122
2737,40259.48222745268
2738,60223.40758204588
2739,50601.4479350025
2740,46937.04306047745
2741,54616.57527003726
2742,43730.72559571658
2743,54002.127185020596
2744,48169.65737388462
2745,49284.099985280765
2746,70608.10339176544
2747,49384.7851167333
2748,45519.43489531979
2749,69610.53436880537
2750,59829.90913737062
2751,63781.54573979752
2752,57827.28457419609
2753,62930.9944131464
2754,53889.75984595496
2755,55141.08516855424
2756,56707.23801359321
2757,61347.51412238738
2758,54549.63368033962
2759,70724.77756281382
2760,55423.234295092174
2761,72855.67261412495
2762,42499.566631560716
2763,48196.189835901554
2764,67110.55223933456
2765,59316.69909538365
2766,51359.59206283598
2767,70064.94263551038
2768,75737.6849192849
2769,62693.933748412965
2770,58001.74470397521
2771,74654.76061652372
2772,55279.46881195259
2773,72363.0211654722
2774,49867.36701602692
2775,62907.029515495386
2776,72251.2723235333
2777,57129.22677228111
2778,54083.86631188264
2779,73387.44041346954
2780,52252.558105130454
2781,43166.77575160756
2782,54494.079030096385
2783,69227.34276091584
2784,45454.62655436449
2785,48626.67914199443
2786,51553.52806615524
2787,58641.59641564685
2788,72497.73750276616
2789,40036.66089114009
2790,56407.4244902819
2791,60795.18160653264
2792,61775.86904924555
2793,63624.2711682948
2794,55612.018952270744
2795,51091.64229362879
2796,42947.30816065514
2797,38757.06084463991
2798,64062.30084409891
2799,67228.62256643016
2800,67239.11983016827
2801,55174.259358045405
2802,60677.81464596196
2803,43113.834818110394
2804,56864.68956702153
2805,53435.07041234459
2806,54141.25883918801
2807,62760.93627817787
2808,64195.70621390901
2809,65612.92037902257
2810,53022.847158869925
2811,50150.95138917025
2812,67210.93069719439
2813,111346.00354897704
2814,61820.81291386464
2815,51040.99778991907
2816,67737.68058646916
2817,51899.67413341104
2818,54343.04193561196
2819,58062.16250017381
2820,62826.87558352153
2821,55292.552440943524
2822,84456.8245196198
2823,71065.51816941913
2824,64363.82950791386
2825,52507.98687759276
2826,51056.96592437386
2827,53417.98819470944
2828,70871.98070699023
2829,58943.77153734182
2830,52051.682480209274
2831,46958.08567058958
2832,56632.64379695571
2833,57554.417553809966
2834,44032.602518755615
2835,67365.28381442593
2836,68603.28150648387
2837,40097.038011299315
2838,45210.56059222722
2839,44170.01929784742
2840,51085.29055413419
2841,76049.23747234314
2842,53124.13552917241
2843,61749.45666914188
2844,75738.64952002607
2845,46522.1418314613
2846,71834.76705677902
2847,54093.28880777923
2848,40096.76873270023
2849,59847.76867458519
2850,56777.71087419186
2851,59298.38172876186
2852,49002.323877690025
2853,55515.99499946448
2854,47470.75392400812
2855,47896.62220853892
2856,66078.86683408354
2857,51688.19020178728
2858,61071.174847007045
2859,50311.91442358188
2860,43093.916767367846
2861,70143.28381444847
2862,65561.05516184894
2863,62500.91720547612
2864,53937.49028595186
2865,66397.05324399626
2866,55384.07085506603
2867,51046.500960576566
2868,52369.28320546609
2869,45168.42017856486
2870,64039.455917847634
2871,54398.06799344836
2872,51936.91342941848
2873,70250.6731985889
2874,62031.6150454302
2875,74625.71230831402
2876,40159.77553262139
2877,44906.561840620016
2878,67194.82275360278
2879,60181.58738846675
2880,64050.2640986535
2881,53991.758899333705
2882,50610.550775159136
2883,63178.03854212167
2884,54436.2832137259
2885,47622.65461999949
2886,64076.43463043421
2887,45163.88376827025
2888,42563.77992036172
2889,56857.78000891021
2890,40660.82598890446
2891,54429.86083763225
2892,54207.321777714125
2893,43120.57526481173
2894,52470.06823061548
2895,48860.40003096983
2896,43979.20592510296
2897,52169.092781019266
2898,60636.29535874302
2899,42223.72199086258
2900,50885.63799185081
2901,49109.49058150974
2902,62437.46485153049
2903,58234.711883052616
2904,56336.140935529846
2905,58942.53507340007
2906,55251.5149992861
2907,53741.57647820419
2908,69359.55375580437
2909,49725.95091304236
2910,54032.69208826414
2911,56165.654327158554
2912,54769.68246065719
2913,62085.22079143819
2914,59699.366732568174
2915,46917.543296918935
2916,47616.00575847805
2917,41927.96574424159
2918,48610.891163818495
2919,58475.076710729714
2920,62178.07690071312
2921,60256.32943463696
2922,48666.46269338915
2923,47933.2921272224
2924,41750.329052885245
2925,68940.82787134835
2926,69241.66481895105
2927,55121.59481915846
2928,42714.42229617976
2929,66752.39598328157
2930,59526.4534839118
2931,48992.84598595885
2932,52739.23603034858
2933,63717.432404982545
2934,42036.8530415116
2935,63006.42422362392
2936,59331.154065629555
2937,52202.961025153214
2938,86299.90690877975
2939,43345.632174818726
2940,58794.35433577707
2941,44887.704662730685
2942,75804.48741942638
2943,62869.47843391098
2944,57926.89381022972
2945,43434.06801062929
2946,52580.29258927128
2947,52712.89399985841
2948,61963.91219309897
2949,57756.942319564594
2950,60421.238459460794
2951,57753.77287220943
2952,41460.496172148916
2953,44910.300279644194
2954,70545.50554238516
2955,60650.176474185246
2956,59820.61384730879
2957,47444.79354285219
2958,43543.92186307616
2959,53460.51638617724
2960,61468.56847655866
2961,61551.01611004362
2962,44175.71285640194
2963,41563.561346261034
2964,65720.89697195191
2965,56203.377253750055
2966,59926.68060855295
2967,49265.42991547046
2968,57184.10771130377
2969,68377.66764628854
2970,52261.06179338622
2971,52096.55163133976
2972,61780.04141134784
2973,56567.215948344005
2974,54803.9338247256
2975,65338.56263513734
2976,49662.83960550615
2977,44624.653902306454
2978,47916.6054027696
2979,50137.12384067769
2980,46990.103774737516
2981,62916.62947820108
2982,50298.133975972516
2983,46363.84579077101
2984,71823.81805468896
2985,61550.9886861347
2986,55377.931876571354
2987,68358.18350336119
2988,60720.715434017606
2989,42512.45567047519
2990,53261.393566377745
2991,65708.8027649979
2992,51847.55586451894
2993,61396.055262839465
2994,71097.8370084816
2995,45651.434801980344
2996,47824.82535633955
2997,54303.63889988824
2998,54274.22775927303
2999,47530.126019143856
3000,89121.29639083652
3001,82613.09703340192
3002,60220.786893597455
3003,55887.37555335141
3004,42406.58524843297
3005,51796.00001829501
3006,68480.24239533236
3007,58381.30254057189
3008,67508.70674501605
3009,40972.046165439955
3010,59041.096244599976
3011,40357.379343406916
3012,56631.145926697216
3013,44238.40307430007
3014,58157.091083799496
3015,59336.18347525405
3016,65225.26117714018
3017,56636.46137037236
3018,60574.183011750945
3019,57118.21226883964
3020,64804.65959077768
3021,64088.517514743384
3022,67144.68012947163
3023,84340.29310211692
3024,50781.50714240517
3025,44113.727616778066
3026,52951.45047474045
3027,53862.465090833
3028,58139.715063446274
3029,53932.5264856173
3030,59536.14976603457
3031,61361.00334386252
3032,47373.36472606632
3033,55351.148075121615
3034,53679.099548505605
3035,54302.88614809805
3036,63462.32690459345
3037,43207.8928643757
3038,70029.88162947545
3039,59138.238598960845
3040,51660.15741201554
3041,56434.62287994259
3042,55712.95501559422
3043,43870.14920194516
3044,48980.57840275412
3045,54873.79572399237
3046,54841.22977037344
3047,71678.8184421673
3048,50855.77641200709
3049,46541.67685981831
3050,62247.834839991345
3051,51522.43291989253
3052,56951.27601125732
3053,65192.00033203234
3054,70744.77541566982
3055,61456.205227821745
3056,58607.793264437605
3057,57881.743678351406
3058,54787.312662946584
3059,53740.20835651451
3060,68030.25400928844
3061,49157.11563736993
3062,65351.33320514854
3063,58100.25406159045
3064,64845.99192481029
3065,76876.35659886256
3066,52034.29836314547
3067,60861.69714093753
3068,59421.140536673425
3069,54468.04838163846
3070,54347.64630674545
3071,60289.63148911365
3072,60482.987253932806
3073,50153.76938877777
3074,58759.17500763398
3075,55552.30854691384
3076,61711.65181141346
3077,78461.02192805348
3078,69999.60783258693
3079,72546.62121531456
3080,57994.75064448497
3081,59043.27920156512
3082,47108.30436590864
3083,53900.45333575356
3084,49951.95807905715
3085,41275.33524010593
3086,57172.08654836894
3087,46822.780911466914
3088,59876.59967226634
3089,76216.473537605
3090,73580.65814789754
3091,78218.40197349865
3092,77760.04557690647
3093,66333.32174509435
3094,66259.87694949136
3095,51100.72665881117
3096,61969.632853935786
3097,68453.8543783757
3098,41295.968017312814
3099,60747.04241226731
3100,48461.398633713194
3101,59924.966308499985
3102,56042.67383751792
3103,51681.810374538916
3104,58166.92549182588
3105,53658.5504319003
3106,52715.19673052022
3107,61334.94497061036
3108,49486.114124881286
3109,52141.98522223737
3110,44745.63106980359
3111,72359.5986004115
3112,45249.96537148654
3113,60411.07307449325
3114,41961.132059124226
3115,52502.997583210745
3116,63879.98805266516
3117,60863.40404837835
3118,73766.20305324011
3119,53050.93492216528
3120,49974.196087189004
3121,42402.958047406995
3122,58580.77888765061
3123,44037.72356284103
3124,53407.83132887354
3125,57568.37365073879
3126,70814.02031727998
3127,46029.33454061132
3128,66497.34900153118
3129,43962.48601946513
3130,70468.2281147181
3131,38535.462822749316
3132,50131.50658711856
3133,58458.69658546613
3134,78831.86080102256
3135,67650.74632613634
3136,55796.5739713555
3137,56776.90663385704
3138,64641.13584003176
3139,49737.84557253961
3140,62819.56947586628
3141,59330.14939285644
3142,52898.49755555247
3143,53570.035158368264
3144,48275.26478936629
3145,65349.267098502896
3146,40103.69831454536
3147,64290.95277214402
3148,65098.52429902654
3149,53336.28412533308
3150,43052.601414264216
3151,74398.00341511253
3152,71206.79396287704
3153,78408.96074886757
3154,37921.70378416772
3155,76980.13090890564
3156,47058.834201819285
3157,58987.1182115828
3158,60392.72859826726
3159,60175.09778911626
3160,51560.541405393415
3161,63603.28774216642
3162,55229.91661307014
3163,65682.05099264499
3164,111419.10945642636
3165,50546.531728634145
3166,48461.38794049787
3167,49245.23029010594
3168,58539.13395450551
3169,57192.218688363864
3170,49467.697034188684
3171,43148.89163486919
3172,56807.963870093794
3173,57707.269156836446
3174,54688.90363561375
3175,71162.35689350122
3176,63290.29111036735
3177,40399.1260220616
3178,64165.7551384121
3179,46681.768374416286
3180,79811.44910352012
3181,50498.79313921339
3182,57297.11882008865
3183,63483.34356074296
3184,69563.7202879135
3185,65924.40275984893
3186,48278.24854893943
3187,57214.80234862268
3188,47434.97043488298
3189,66740.05281102663
3190,57569.364305422
3191,65855.96236561249
3192,46903.758541349525
3193,56570.68167529556
3194,61350.13986052268
3195,53280.07555295666
3196,57211.58710472032
3197,71071.4739828781
3198,55811.08203329638
3199,58526.02762171021
3200,42847.90082208501
3201,55432.6893124266
3202,53001.99616024113
3203,49657.63581125209
3204,65048.24448510935
3205,48124.97881173679
3206,51048.88897774754
3207,67916.24839510853
3208,55136.20900858507
3209,53027.82836329688
3210,46572.932405109445
3211,63252.87385966698
3212,56510.73197145071
3213,57023.48567563132
3214,66693.59481204912
3215,45497.30231915605
3216,42768.17634701581
3217,44266.4946251912
3218,56220.70370199792
3219,69599.05384976158
3220,67069.66298080867
3221,62906.6291283223
3222,71842.77738147302
3223,61752.42956738334
3224,59600.39022493895
3225,51857.434373073185
3226,91331.94906119171
3227,60733.095061924556
3228,54351.189399627
3229,63887.682888216754
3230,52053.655157615285
3231,64373.65083716928
3232,58301.48900284122
3233,77291.20887055887
3234,50057.54965688423
3235,37915.69343903711
3236,71268.28179498001
3237,51838.95742530367
3238,51979.3335627016
3239,62217.42270057922
3240,54705.469468525844
3241,62579.829907614636
3242,48900.00223117172
3243,44868.73084945846
3244,73794.91560653436
3245,75832.32199843942
3246,57566.40003382886
3247,71131.47856030066
3248,69875.88629907958
3249,57352.976362776295
3250,47106.63068840379
3251,59242.77432516903
3252,45942.18021500622
3253,64438.43471409838
3254,53796.45842324835
3255,69888.36403535634
3256,51773.95052750227
3257,57108.28256796705
3258,56238.409686679544
3259,49149.570500289505
3260,48543.14219025111
3261,48910.55874118614
3262,50089.079934602654
3263,53753.92986768247
3264,52499.68847852393
3265,71869.19148644422
3266,55120.28297448775
3267,58916.370738081845
3268,64937.32490968041
3269,38728.82910098884
3270,58368.72086801979
3271,68369.31537174658
3272,64118.050027899466
3273,45465.020739817366
3274,50734.554781974475
3275,57655.33855827773
3276,44774.06313683085
3277,56949.24661544079
3278,52727.141367509364
3279,43559.86511444009
3280,69479.52781916953
3281,60386.38042776363
3282,63680.382529349845
3283,64892.52487684061
3284,50796.27813532707
3285,49987.80349756728
3286,78925.02995341802
3287,71274.09179070235
3288,62065.934194582085
3289,48747.85528109171
3290,52474.09046210505
3291,42778.16673110296
3292,43117.66589037846
3293,51813.72856888721
3294,59985.57940937652
3295,57644.802102359805
3296,79277.38730945774
3297,53639.600780571986
3298,81091.04421390664
3299,66644.8501675153
3300,68427.51824601741
3301,45161.88321065494
3302,70778.47916749973
3303,58122.305381883
3304,55150.436933037265
3305,58662.290854955514
3306,64555.82876921848
3307,44505.80601620005
3308,51063.64385976463
3309,69369.42584649121
3310,52123.32144476298
3311,57616.96317951108
3312,65442.486055874375
3313,56614.07640560261
3314,54507.165182638164
3315,51780.10640097615
3316,47854.599599991976
3317,80807.13225299792
3318,37625.731692921814
3319,46836.84995244101
3320,68194.65251457032
3321,50012.398013312166
3322,39955.165334609956
3323,85139.34440025639
3324,64313.1646145798
3325,55057.482972078295
3326,54122.68342146019
3327,43827.35460608952
3328,52076.607794746946
3329,42767.0431463597
3330,79887.83925111053
3331,50510.24997827228
3332,66274.97428036736
3333,82588.67262344624
3334,52400.49791794114
3335,63390.47650436947
3336,59564.097123565116
3337,44918.568333581716
3338,59744.02954552355
3339,61847.03741357461
3340,59970.25074573055
3341,63859.11142732337
3342,62737.2948726438
3343,73517.93577818091
3344,34021.60605099758
3345,76791.52296316715
3346,60684.687422941264
3347,70216.92843267362
3348,55700.774348282655
3349,53624.42125479776
3350,65923.41228515877
3351,62414.10269427322
3352,41189.308293724964
3353,51482.08625733173
3354,46344.99293809906
3355,41031.61427322922
3356,59592.09590072768
3357,58018.837312359494
3358,93431.8635048042
3359,51404.813452698785
3360,40011.786023895926
3361,53265.336539392905
3362,71769.10863432681
3363,74963.97649998902
3364,73793.50626125625
3365,58787.04949101767
3366,52139.53365854942
3367,49759.77648687746
3368,64961.686983256965
3369,31429.430101874368
3370,60000.92002134679
3371,64552.56170003451
3372,67637.87665952239
3373,51014.83770308156
3374,44047.25244243094
3375,45503.77586723269
3376,61659.61728098157
3377,56438.43906717833
3378,52428.31531712431
3379,54003.83905397731
3380,48894.3763953381
3381,44043.954171070545
3382,55164.08840775929
3383,70938.69678720462
3384,71466.52649268502
3385,63629.464096599884
3386,45094.421743887535
3387,71327.96900822734
3388,75236.92321504175
3389,56218.59929885832
3390,56252.58385749248
3391,56067.79074545367
3392,45171.77258851109
3393,55047.700880859185
3394,54728.061193661306
3395,59644.95977733158
3396,74423.6653012928
3397,42911.27007595321
3398,66299.94633664389
3399,71343.49086360882
3400,48151.36501195906
3401,47506.271451701534
3402,61952.02478618277
3403,57355.8207153648
3404,43660.50694622844
3405,49309.151143945666
3406,55464.19308015151
3407,60793.946060390794
3408,66977.69979611541
3409,50613.49336239094
3410,52412.981337851015
3411,58620.06342517454
3412,77561.9088030834
3413,40446.22084214811
3414,59742.889076774874
3415,60296.360955723474
3416,41247.77089255672
3417,52541.08332116322
3418,52031.51469412298
3419,56785.706778010615
3420,63263.38345002804
3421,56196.99953314664
3422,52054.29680117284
3423,95983.92129870821
3424,51539.7299252172
3425,53216.37860951275
3426,50439.54823505443
3427,54713.240415862994
3428,48599.61689923678
3429,61971.55172201893
3430,40056.78893231738
3431,72950.95293155455
3432,79628.2509044411
3433,53889.25150918781
3434,72864.71560103963
3435,52631.51113455573
3436,70245.31662639762
3437,37662.13024707109
3438,58868.72748888441
3439,57253.78271324175
3440,64468.27672675364
3441,52605.37595132962
3442,62116.544024502466
3443,60971.03327643774
3444,54450.32350756488
3445,72568.57259209224
3446,52611.132549916925
3447,58757.10725975151
3448,53446.44641048254
3449,51904.01075500516
3450,52471.68705819687
3451,63319.49356452863
3452,62958.53593386891
3453,56724.76978150765
3454,60115.141661373185
3455,45593.79812393856
3456,63519.05798497688
3457,61247.47222653454
3458,49569.71284504942
3459,65541.0847600648
3460,40596.62976851923
3461,47917.80278368053
3462,73314.78084216037
3463,61957.026711471786
3464,55989.782775083
3465,56312.549097408446
3466,54481.078279405585
3467,55340.45861375986
3468,55052.360899121035
3469,50586.71765475793
3470,39765.63681117058
3471,45419.367377692535
3472,64510.312588913745
3473,53443.482403902206
3474,73622.28976388961
3475,62196.69836089567
3476,63800.56837177436
3477,68120.09618769436
3478,64667.50114282057
3479,66442.33900261766
3480,40582.513709822655
3481,74098.46468256801
3482,52892.37593383247
3483,40107.641085936084
3484,58827.80607144826
3485,51792.241188380394
3486,88532.67056472674
3487,50640.30645402813
3488,55778.332867629986
3489,56623.93615602043
3490,57085.268205207016
3491,57988.33705212092
3492,72456.98913754987
3493,55033.50692477068
3494,42937.51190682343
3495,32098.768379386744
3496,36096.145135723615
3497,52743.68219553513
3498,70945.9842787493
3499,44348.48073929324
3500,38923.203025819945
3501,50022.20123881188
3502,49715.206261808795
3503,56223.75244800401
3504,58909.65419011007
3505,48279.04446442951
3506,59396.927874901565
3507,47809.73719589641
3508,55591.973109380655
3509,62633.88507640282
3510,46378.984506917615
3511,53251.75546004576
3512,45753.27319903108
3513,58749.04459248249
3514,49382.304172200806
3515,51416.99192194311
3516,54172.81951177501
3517,55233.11127801858
3518,63534.42085516566
3519,58927.506089226445
3520,46330.55273240767
3521,52568.09362993596
3522,57702.539143482165
3523,69521.42518157596
3524,52468.06702579622
3525,72414.87726052938
3526,52746.29115842229
3527,65601.32500356424
3528,54099.016088862394
3529,43021.66990127919
3530,51535.71373027865
3531,52506.011174417996
3532,57439.138340791185
3533,72909.2066895674
3534,57427.005688633246
3535,50376.123177910304
3536,64799.760755013594
3537,51931.56887078484
3538,58814.589858430474
3539,73982.51017004356
3540,48880.21518280285
3541,44531.35543873886
3542,60431.91366029742
3543,84364.77146547091
3544,77147.94513431571
3545,64733.546202837024
3546,66007.7286562725
3547,62475.90288452611
3548,51107.74889421731
3549,58933.206350256
3550,50789.99419829173
3551,61122.39474780303
3552,49614.752507032536
3553,69775.35431068162
3554,56693.42515419899
3555,74480.85601192978
3556,66559.77865785116
3557,47763.92853766487
3558,47105.057199194736
3559,66744.68406197413
3560,60414.39993983203
3561,52003.39370108753
3562,55681.81516611662
3563,57607.64449176097
3564,41073.62283521518
3565,65490.74939292865
3566,57800.982400376866
3567,64686.166837105666
3568,59028.32818643312
3569,64680.506532455875
3570,61686.398609987584
3571,65611.11844637182
3572,57863.31870757535
3573,63069.30418866056
3574,69982.08467067548
3575,43569.56571963626
3576,54819.191922927
3577,57725.98090506398
3578,43860.59737893296
3579,57944.52645538324
3580,69622.66447285181
3581,55924.55614294048
3582,68497.94236529393
3583,61145.46079084152
3584,64423.69112242228
3585,58987.90403326937
3586,64946.383618755965
3587,62320.98971754668
3588,59893.3520245604
3589,70570.74828443976
3590,52535.38155472241
3591,67205.39501052159
3592,49790.926424362995
3593,66547.58095465261
3594,52328.88655447715
3595,69350.19718102114
3596,42503.924363511316
3597,59941.17532490497
3598,71720.09680990317
3599,62735.93235308943
3600,47151.75020710201
3601,61628.760988695016
3602,55146.0599794399
3603,60703.19078477201
3604,57692.71601670109
3605,55020.515063682564
3606,54164.39066787463
3607,59341.38291262936
3608,65958.69667482415
3609,65845.20588503093
3610,64379.280159649876
3611,57692.84008920722
3612,80866.68891786822
3613,46940.08352117759
3614,55276.84299366874
3615,55700.06266903125
3616,47650.6193619141
3617,62665.44006771927
3618,53063.767796096276
3619,63994.4958523798
3620,65494.728555485104
3621,50365.80321703584
3622,43735.79956976352
3623,69085.835673035
3624,61779.384358480704
3625,60663.350820337495
3626,58679.28474782902
3627,55722.6508389201
3628,47566.50346599443
3629,52038.20375205553
3630,61533.92999348539
3631,75911.95112607014
3632,71527.09238144815
3633,64933.58956115563
3634,55086.10990818337
3635,83174.9276574618
3636,78546.44661637659
3637,49247.08465902388
3638,81502.54541425842
3639,54076.20385743331
3640,69797.59429531274
3641,54968.439315707066
3642,76706.99496829003
3643,55761.59552019365
3644,77146.82183795462
3645,61709.6319727935
3646,46047.89014434749
3647,61118.57523992066
3648,75041.52942007768
3649,62291.62890844723
3650,58535.89133229921
3651,49200.41770676996
3652,63806.241580398906
3653,59808.49451397208
3654,49927.45556078401
3655,56713.63416107129
3656,41413.03635514297
3657,60866.98674465176
3658,70106.33387730975
3659,58251.27583489585
3660,58007.340849853215
3661,58040.56855904025
3662,49799.341604052956
3663,55094.9738268413
3664,78740.86849375544
3665,47180.12474244194
3666,55196.542537479
3667,75229.0675196503
3668,53586.97146553947
3669,43410.566836592305
3670,47361.66758941433
3671,58190.212497911256
3672,69318.68992301261
3673,46800.70382153066
3674,57795.42346300193
3675,57972.53565865963
3676,60296.41654167235
3677,44712.065602868584
3678,52539.40315154727
3679,49386.54516803391
3680,61976.87830887803
3681,60203.6379651952
3682,50613.35093078225
3683,41810.15616122193
3684,74468.58666373776
3685,38609.02567721118
3686,47153.871259349464
3687,63337.64399162092
3688,51226.85384677389
3689,59127.465782641106
3690,50168.887299003705
3691,68729.53693800303
3692,46059.570376489944
3693,70791.59780385619
3694,49796.084649083605
3695,52004.783383748334
3696,47670.47681562106
3697,45997.24134642128
3698,52155.529315906715
3699,50291.645558583485
3700,50332.082674399106
3701,57282.624207566776
3702,47807.57186200566
3703,67925.10350664327
3704,39446.86895132419
3705,65911.75046814771
3706,47729.79113575211
3707,82098.57587760544
3708,58603.78709238498
3709,55393.75879076749
3710,64304.87538457702
3711,56058.81219683077
3712,64364.22031461474
3713,56310.21322618976
3714,38024.32984944291
3715,53475.03557745797
3716,50966.39330760122
3717,51802.9017716191
3718,44381.37757178438
3719,59892.97504329183
3720,58401.90485157565
3721,51846.148939514824
3722,64985.088456817975
3723,59828.3611965008
3724,36719.49961736501
3725,65830.57468038493
3726,69583.01965939804
3727,58012.22587931608
3728,59210.20894998242
3729,50143.68422681363
3730,57875.978025683464
3731,54784.78816148937
3732,56278.90462524342
3733,74540.31393081979
3734,61891.662160391345
3735,75809.91171473531
3736,64886.35627966953
3737,61165.35233663872
3738,54365.09630683747
3739,84596.68070275239
3740,65030.12882207796
3741,55388.05373704901
3742,61051.514532946974
3743,47111.070265409
3744,86369.51254384681
3745,62806.46808815209
3746,64400.77783406135
3747,55787.75350848364
3748,50679.98968380087
3749,58855.999603956036
3750,80143.15821619018
3751,73133.6764281008
3752,59179.69940216814
3753,63932.16334764492
3754,69940.45516363799
3755,41179.12007009358
3756,58648.05162036247
3757,47566.782077618336
3758,47662.71911326601
3759,47542.63798570219
3760,53164.03406128951
3761,53785.13751441961
3762,50998.373321600855
3763,77312.50603607585
3764,68706.6232174784
3765,62634.61993344506
3766,59941.1474987187
3767,46743.472056061764
3768,45644.222028123186
3769,59305.38023259685
3770,45494.361534401956
3771,44892.802870337306
3772,46765.9371307345
3773,58041.54660170907
3774,59116.33171013979
3775,66734.29871942701
3776,75806.12816013934
3777,56459.59087575328
3778,75867.37122170512
3779,42653.89878516707
3780,55052.380754935846
3781,49568.899674424945
3782,63509.581343517806
3783,73397.88360925535
3784,55297.939826900234
3785,44049.691994116474
3786,55074.288150642424
3787,55300.02543159519
3788,64450.34430367235
3789,80717.15160097076
3790,52873.9189575263
3791,54805.690549208986
3792,49486.76307390014
3793,60111.71679931668
3794,58709.843057774924
3795,43927.55274220438
3796,54568.69706786407
3797,42386.864664807414
3798,46299.00641572698
3799,41446.123899634964
3800,63281.967921507785
3801,61091.30019270979
3802,56004.59156120905
3803,60036.100346487765
3804,49655.35813953509
3805,70856.77866657042
3806,44969.74315639363
3807,69168.78028630037
3808,70928.41500072528
3809,56350.9534429393
3810,53665.15293766212
3811,73808.77384782014
3812,61043.788974269155
3813,58002.5673740318
3814,61136.953709433306
3815,58125.88759375633
3816,46070.896589129545
3817,69606.99525012607
3818,61833.4060256497
3819,33144.0382742152
3820,57369.869906476975
3821,58112.43307675213
3822,74243.05767714427
3823,69914.808497998
3824,46769.896233035244
3825,62771.591905480695
3826,54010.5137969446
3827,57734.56504913414
3828,52081.444217312346
3829,48737.66945928605
3830,77733.28284957564
3831,48745.83407358117
3832,49708.1802743606
3833,57268.10557132269
3834,58089.11899196437
3835,63516.64277495083
3836,61864.66747418559
3837,47732.18256406101
3838,56929.63791738865
3839,54705.79107295294
3840,50941.6985056419
3841,49586.44224368819
3842,45424.260242251155
3843,57737.79770439247
3844,79947.1930981326
3845,53914.920788355266
3846,63352.291175515165
3847,53778.5410743683
3848,61493.540554462066
3849,49748.1067792905
3850,54608.76969618079
3851,64102.56919875558
3852,39456.81539703166
3853,75642.16617329618
3854,86911.09104213817
3855,43386.63940644578
3856,68571.81667663185
3857,45189.9967367648
3858,56918.7219937174
3859,50234.19336966951
3860,70783.39047237652
3861,82339.03379985607
3862,48742.89611984054
3863,69937.79393993404
3864,76645.45607249768
3865,53635.16548370795
3866,45963.32870575029
3867,57425.09183206691
3868,40987.611347203754
3869,45735.65683880626
3870,69023.22605373201
3871,51901.90362885832
3872,45027.624617135276
3873,70290.93994529973
3874,62257.77159001091
3875,69497.4850391365
3876,66311.74670884668
3877,58416.029785258084
3878,48211.24445571559
3879,73316.68076905729
3880,53423.76424531652
3881,49820.61361544955
3882,63972.12734771431
3883,59351.52914973084
3884,59670.066122057164
3885,52385.14421642163
3886,37374.457241123724
3887,80642.63306474964
3888,66781.60992166141
3889,46078.294513958666
3890,44705.911179370836
3891,55996.70801024408
3892,78564.23753111344
3893,78838.21246323004
3894,61869.47295917562
3895,62774.92829361095
3896,68100.18347258167
3897,37403.24593736153
3898,38402.78154500174
3899,71972.33771391181
3900,42049.127136710944
3901,82980.01677019581
3902,55751.39721407678
3903,51166.60639405305
3904,60360.869154959386
3905,44703.82069775269
3906,56956.69208049891
3907,46749.58234614266
3908,52848.30541850618
3909,80514.8973584965
3910,33799.85769485625
3911,61995.33984620096
3912,65145.49349820521
3913,57694.36097496793
3914,63296.17031661286
3915,64584.56210423118
3916,50042.52483702919
3917,68027.6175031146
3918,41599.93785047056
3919,54028.715180945954
3920,50877.16050266701
3921,70285.24390064976
3922,50944.85649774818
3923,45516.78637733365
3924,58105.38831396579
3925,58736.463125814545
3926,77835.69225332473
3927,69193.26173843305
3928,63055.45696661006
3929,47270.049837716215
3930,70679.0907917796
3931,52458.52157394632
3932,57882.711252756824
3933,50261.59684316363
3934,40599.11248607841
3935,53830.460717814596
3936,52378.2859571114
3937,65719.76884791169
3938,63700.63335499355
3939,64693.87584848101
3940,60155.607248730936
3941,64836.42168421874
3942,52935.1999136753
3943,60675.319443410815
3944,56671.77506033805
3945,47341.00277637515
3946,52591.268853372196
3947,54935.03952953566
3948,56360.56272371759
3949,73470.50971068209
3950,46093.267443756224
3951,62172.49632795008
3952,64565.72201194816
3953,51876.48718167509
3954,59168.44279319679
3955,56646.617482039204
3956,55300.700642814474
3957,60733.265836343344
3958,66426.0871089793
3959,59116.58670706551
3960,41709.55758046455
3961,55208.73093633396
3962,74062.67317241877
3963,38261.31082739368
3964,50711.717909249
3965,64232.22222568007
3966,57283.19161951842
3967,77915.34817395179
3968,52827.102337494514
3969,58293.39060793243
3970,55834.56396424075
3971,67689.69901567633
3972,72220.34943930102
3973,77202.9113913143
3974,67591.12484542614
3975,50684.105056799475
3976,60401.087622369254
3977,47508.72891799762
3978,61304.3355106906
3979,44485.537977510874
3980,60551.97845563559
3981,67413.8930075382
3982,44433.199319623614
3983,65417.97826645175
3984,52274.18927996659
3985,58937.212947593085
3986,58501.71455559225
3987,56391.058637887014
3988,67142.92788098085
3989,58498.361314821625
3990,55814.87527389302
3991,59184.27352292695
3992,75547.46938076009
3993,58968.39818280234
3994,62071.44362240731
3995,85873.53769156682
3996,67101.43419321842
3997,49687.35586112077
3998,60754.66340316024
3999,58732.751738424784
4000,62679.162437466075
4001,61861.73327641057
4002,65210.92687838863
4003,75195.99562585716
4004,53758.2851003955
4005,61787.38858104864
4006,47751.17643568666
4007,75305.78716351964
4008,69826.9924986087
4009,53846.51120299447
4010,62710.046340526096
4011,69242.13056501726
4012,56600.96295543269
4013,47965.17266967455
4014,45741.750221086215
4015,52634.738583557875
4016,63678.676428051986
4017,50489.52390199753
4018,55769.66955948726
4019,54049.88118498954
4020,48860.437492051766
4021,63221.58035436946
4022,67799.08051751454
4023,70501.43584716265
4024,61207.08141323504
4025,55440.404187425294
4026,52569.49303195191
4027,49184.54840517643
4028,54301.27465515803
4029,48546.499440684034
4030,59285.73353162945
4031,53937.37804650371
4032,60942.72601392707
4033,49714.19963892775
4034,54380.08215817879
4035,56921.08321478119
4036,48090.67132746876
4037,69733.59587168533
4038,59274.17559459781
4039,79010.09249024073
4040,69578.03656654309
4041,85711.14455473625
4042,71828.37853220841
4043,62017.9542801295
4044,68374.02485387068
4045,50942.72569495929
4046,48611.62661828528
4047,55487.942590199804
4048,50104.722462239515
4049,57730.07777081746
4050,42542.02661338548
4051,63227.44942291142
4052,88206.9941726073
4053,65179.70200113532
4054,57314.65372713798
4055,67488.39708758064
4056,44440.673448502625
4057,47920.71484613617
4058,86417.91873395168
4059,81990.00458604355
4060,46748.40951716207
4061,70582.26555192743
4062,54787.09973703414
4063,43873.159380037796
4064,53224.14719630816
4065,66635.41178724039
4066,81553.27238972929
4067,60502.222204132704
4068,84726.35481230618
4069,43994.3107840635
4070,54874.139587661775
4071,54532.769331297226
4072,51130.26977678772
4073,36960.8462325579
4074,65127.53129599758
4075,67891.32664400665
4076,65672.78218184724
4077,69554.99486337345
4078,53169.21154281806
4079,43447.58921277962
4080,37796.98366078238
4081,40521.641497317076
4082,66650.24375450201
4083,43403.1239189753
4084,53856.12505579628
4085,51452.17935869504
4086,83425.27540368427
4087,68304.74688015718
4088,62721.93194902356
4089,59185.92671400037
4090,47806.93951700416
4091,48845.06305977588
4092,64251.08486924722
4093,56057.120195575226
4094,56904.88986739629
4095,45422.17541561436
4096,47887.680067214074
4097,70947.44908232208
4098,68874.39475135671
4099,54886.94232992098
4100,61660.14091454034
4101,40209.69936493612
4102,53619.93281187356
4103,50695.69646470341
4104,39574.10640496198
4105,66947.0805734141
4106,52145.489245878925
4107,55461.51955695927
4108,65517.73333901351
4109,54322.711741492
4110,55088.04363471123
4111,46620.40155889559
4112,61466.031129371964
4113,52691.56512326223
4114,51120.517474821405
4115,68504.27890181012
4116,58931.10220722312
4117,52277.09438943885
4118,50726.96243517645
4119,40108.175824561
4120,52106.8712324222
4121,84536.35867131794
4122,50838.63130368957
4123,49419.238641077565
4124,58851.48920501052
4125,53271.395256042044
4126,50541.44675896671
4127,50949.34715708178
4128,50177.103081412475
4129,69834.05942410284
4130,57178.5743532792
4131,59816.278918890996
4132,69535.10135293499
4133,66776.99318841298
4134,59180.08285006227
4135,60265.15241782776
4136,54588.3633996882
4137,53129.66650351467
4138,57777.056527611225
4139,55152.86016585039
4140,55976.1249213415
4141,66625.16129596815
4142,49555.40866621883
4143,47220.357574604146
4144,66109.57106210523
4145,79515.63714559899
4146,50527.471311318724
4147,59132.29974754422
4148,65441.702094077744
4149,58714.079093080305
4150,79429.27118436774
4151,66486.98033649521
4152,46707.090386372976
4153,47527.87553197458
4154,65410.437398463364
4155,69626.19443507171
4156,61151.025944980596
4157,54895.09116160132
4158,67284.19678052941
4159,43707.372676994724
4160,54479.30860998396
4161,68331.36344575073
4162,73976.07431922812
4163,36835.68885309054
4164,48553.99822719512
4165,57209.079546695204
4166,62638.93233009736
4167,68982.91705520895
4168,77596.52278894649
4169,51893.87419253017
4170,49353.508776990166
4171,69353.42599709875
4172,65390.48746185227
4173,40470.10018058616
4174,46635.31556829602
4175,61144.948591362125
4176,68488.78640084226
4177,40948.03181733303
4178,65547.51062490583
4179,55938.29869493235
4180,43076.44881415035
4181,33231.36807756848
4182,52891.63702174715
4183,65375.433525562155
4184,70370.52120812851
4185,44249.69828648908
4186,52641.71133590198
4187,55396.69154116297
4188,39587.98044847629
4189,45812.587771713086
4190,54884.441268046816
4191,56218.380329089094
4192,57433.29983551748
4193,48484.70589637028
4194,67876.66069764759
4195,54835.29119591119
4196,43399.19821661497
4197,44288.304605391495
4198,88055.67902421222
4199,63880.828154274284
4200,54175.79479132886
4201,53012.1603754392
4202,59516.55963756428
4203,51073.94185889247
4204,62629.993942811925
4205,55624.064252109
4206,51784.02752238639
4207,63658.141532402165
4208,59672.7616702318
4209,55120.54747167182
4210,57991.99207080326
4211,52107.161361973274
4212,61895.17621622285
4213,47374.426940564015
4214,54597.63293914942
4215,69258.23650787561
4216,53655.57725234873
4217,45738.014056087464
4218,53710.289774526565
4219,48763.637459558515
4220,44163.959424421286
4221,62303.340442425906
4222,43065.27754620767
4223,48300.939747022785
4224,59073.77744714947
4225,43322.16229142942
4226,59426.76444035279
4227,48017.46569882215
4228,79026.91173908998
4229,51039.2959166183
4230,54169.68424970311
4231,52335.201442595535
4232,61542.88005288861
4233,61935.789979137975
4234,54120.306269351524
4235,62782.69179270333
4236,53832.79984983831
4237,69781.08761895551
4238,66059.78949584228
4239,39330.0385730934
4240,59615.619561351516
4241,49823.30836130625
4242,44899.77751775968
4243,60597.28663221811
4244,52963.032624500716
4245,53919.35373625977
4246,70431.3363005656
4247,49824.38466447343
4248,78890.17842341795
4249,49139.024601652345
4250,64488.94955512401
4251,76941.6136513689
4252,56643.27982056141
4253,55948.99756764232
4254,68793.26696234266
4255,42539.70203247189
4256,58623.08629261673
4257,49377.17557167912
4258,60219.34104114679
4259,47243.569052296145
4260,41076.793895226416
4261,67165.49103416782
4262,56702.22320713985
4263,58951.79271791451
4264,45760.542060353146
4265,49979.35519659842
4266,52711.88453955835
4267,45498.25206218706
4268,45922.99670891317
4269,47702.6546927636
4270,52788.00050941153
4271,47328.01382316295
4272,78015.21725359057
4273,51138.658225890824
4274,68865.46599390138
4275,63360.404819648444
4276,66397.30339052102
4277,60907.96382155625
4278,69696.90151373383
4279,61023.65244395793
4280,70126.77059474791
4281,53752.71311443437
4282,50583.987062242086
4283,66706.62437295531
4284,74206.90212890171
4285,72429.65824557972
4286,60842.755351170905
4287,50606.97542486996
4288,65926.9782255088
4289,65525.5133575971
4290,77128.00940462337
4291,50094.64935386367
4292,56563.22821147507
4293,45832.44185686926
4294,55636.64980212138
4295,62645.03174961796
4296,57067.66507649473
4297,59988.0267654507
4298,68174.98789939721
4299,45170.46949518151
4300,58525.36471765747
4301,56137.752201702366
4302,61847.87090724698
4303,90764.96642630427
4304,47309.84904587545
4305,67699.06523378653
4306,78745.51031590666
4307,67452.15966974135
4308,48113.15212269746
4309,66265.48044392322
4310,65260.898901458284
4311,58580.49385433952
4312,73800.13438691688
4313,62295.83516277487
4314,53154.62941011262
4315,68852.24046203106
4316,67502.06786403443
4317,53004.7146966127
4318,57833.157222625894
4319,53173.26240338787
4320,46547.99375279204
4321,53877.705379512234
4322,52355.125435172245
4323,68716.47577411494
4324,54746.661011997145
4325,53468.68355890512
4326,66997.91298424771
4327,50940.63240896077
4328,67650.39978867116
4329,67427.4631728195
4330,55630.78126421431
4331,47928.96705549415
4332,53853.4920008441
4333,34663.660982389556
4334,55117.31598323264
4335,75407.66557625041
4336,70182.69961618283
4337,52707.60834733808
4338,54328.31537806352
4339,64194.60862960894
4340,45699.93684044463
4341,47190.9309315668
4342,61480.738588313514
4343,71130.56395543268
4344,47244.4113735604
4345,63981.30359263773
4346,51107.675937193744
4347,56941.40855134426
4348,47776.40363222168
4349,65676.23668484393
4350,58355.63384234834
4351,79962.84636093488
4352,50706.38787516353
4353,55446.768862111625
4354,37770.67525866238
4355,52326.58529037408
4356,75540.14269098344
4357,64607.615201945926
4358,58834.90414501763
4359,56233.89322203194
4360,43190.73330778181
4361,47727.81186218878
4362,51992.11942707024
4363,55224.22268845313
4364,52072.71912738995
4365,44337.20069770939
4366,64567.262548050974
4367,56859.93228224802
4368,50250.56890731769
4369,49440.82391687103
4370,42457.70739015035
4371,95966.19253281568
4372,56717.2708316558
4373,60835.55680125751
4374,54464.86646012906
4375,36982.01803735885
4376,68720.31888353576
4377,68877.5368501552
4378,66457.00617247133
4379,41197.42758244249
4380,47690.007877270815
4381,47856.51086896327
4382,66701.46289536802
4383,50276.49337528815
4384,52858.02124780505
4385,44353.59308669426
4386,71368.50589793324
4387,60045.46317239788
4388,62635.8015484091
4389,47455.629957809135
4390,56236.31063515355
4391,70588.35139205957
4392,58525.99580030402
4393,84575.89305528163
4394,56279.01985271061
4395,68741.54134538867
4396,60317.71269314251
4397,53083.81223112887
4398,52501.61878997966
4399,65211.695107415304
4400,57094.607088879166
4401,44095.759013340605
4402,60038.73851509953
4403,61359.25345659063
4404,75081.3881594512
4405,49139.353985229165
4406,60981.3055525536
4407,43912.97471395979
4408,60617.59932112977
4409,53338.521804619064
4410,51211.83877060867
4411,44254.40326258032
4412,61367.324646131914
4413,54475.488123803225
4414,50651.87105172053
4415,47389.35535256931
4416,58921.384801878805
4417,74154.1939640812
4418,54704.27178391309
4419,63363.49887145801
4420,39801.091031514465
4421,53392.364774508715
4422,67701.51850144565
4423,57272.74698608387
4424,68490.72234055634
4425,66708.9909289535
4426,40741.61880127772
4427,61953.25960298389
4428,39717.168176400344
4429,52561.49017136339
4430,53923.33834328773
4431,46282.76154242572
4432,66082.18026697474
4433,57182.69731488739
4434,61227.335029039874
4435,57378.81330789633
4436,61018.96763406628
4437,63255.148039525026
4438,55437.969609717555
4439,64509.7352751627
4440,69370.03460076914
4441,62052.82375373065
4442,51697.02698291587
4443,51082.487043920235
4444,43933.47403115947
4445,59370.8032386248
4446,56990.1646032851
4447,55088.21736814338
4448,46561.89790255589
4449,45282.82079849737
4450,43242.87827018223
4451,63440.59055123103
4452,53240.35073717787
4453,31182.897885295595
4454,64918.22656010303
4455,53425.09764652352
4456,47949.45085125757
4457,71800.73153185584
4458,46156.139073587896
4459,55528.79452204994
4460,45159.3792006551
4461,64228.2486641938
4462,60876.91519353161
4463,52171.956209400414
4464,67216.32882771017
4465,63564.536042999265
4466,59891.25345709965
4467,78661.25624458348
4468,64561.51382320279
4469,60056.83903655277
4470,72866.58229642342
4471,64138.58389121161
4472,55763.74758264767
4473,61558.70995848364
4474,52892.75670880105
4475,72485.39870800474
4476,76881.09998423292
4477,69429.96717908753
4478,50460.70778353473
4479,51135.60250273448
4480,41979.03588456635
4481,46124.798616057
4482,58134.03375224615
4483,63513.52866034067
4484,74071.4203399142
4485,42207.15720471606
4486,65989.14668106232
4487,59386.5254769694
4488,42605.08390745266
4489,68628.55681405692
4490,71602.71682636498
4491,49670.724483984726
4492,59930.31862263082
4493,57543.762243746336
4494,48260.222691568844
4495,72751.96031363297
4496,63003.19836985824
4497,65292.9373600091
4498,45730.83970433538
4499,62903.19397942418
4500,66937.9247686216
4501,55219.793354572954
4502,39367.08616694441
4503,66343.39761693672
4504,66842.4975686205
4505,40920.87651721582
4506,42807.164254770796
4507,70128.28099561212
4508,58924.78762088307
4509,47036.37821504233
4510,55110.98185856117
4511,68284.58662458973
4512,69920.33249020616
4513,50105.17777359477
4514,74554.1776014133
4515,44857.682222161304
4516,56648.18747233303
4517,57692.14635276193
4518,58956.64532095173
4519,63802.33371468074
4520,59518.5081173071
4521,56436.40935908337
4522,55716.20410875462
4523,50219.56688746484
4524,57277.05035729885
4525,54734.114580391644
4526,44004.18290572809
4527,65222.84641893155
4528,61381.92700460602
4529,51602.027589230056
4530,55187.087556019535
4531,49877.49627064798
4532,45852.19887354752
4533,54276.38644621602
4534,76257.68778987884
4535,59337.305534293846
4536,73133.84688946884
4537,44687.28299374917
4538,48189.979099031894
4539,73595.45542550659
4540,68795.56417127508
4541,47510.47923147012
4542,56446.07578477181
4543,57486.29321798181
4544,58185.786617222824
4545,50477.95099300906
4546,50136.91872062839
4547,65131.15570973026
4548,57396.32926115042
4549,52941.214641082566
4550,43160.94632031025
4551,68305.67860057455
4552,84286.09943250657
4553,54163.86055639106
4554,50173.21969345469
4555,45699.214260037654
4556,54309.22297743683
4557,82232.29828250827
4558,46285.575146321324
4559,68666.71195553376
4560,55945.24067081119
4561,54059.343143340324
4562,51040.867272527
4563,61967.99310383988
4564,56170.789659056594
4565,50362.35149354828
4566,87501.26413490766
4567,54409.42510053078
4568,46633.96765201218
4569,40427.358975022784
4570,60766.47512915762
4571,54053.1997646136
4572,51586.53496618621
4573,65710.78523234699
4574,57296.67053523966
4575,43202.50612234835
4576,64763.451507018275
4577,54933.57218499764
4578,63515.422312022354
4579,48440.320941004546
4580,64821.31321880006
4581,44950.05265551979
4582,47327.908492040275
4583,44241.65691310803
4584,59616.38261110185
4585,67284.03034358544
4586,69797.09984988763
4587,54186.23292117644
4588,62233.62439879907
4589,65417.812197041094
4590,64287.21468687209
4591,45328.10039664674
4592,53929.63198791086
4593,74339.97052241575
4594,56609.65545799773
4595,43531.21958810588
4596,45096.37376142513
4597,56720.51483146515
4598,56841.0078053306
4599,36578.16662861626
4600,68163.12824328807
4601,50393.895238521036
4602,64654.19978025475
4603,48547.97268754715
4604,56958.971823367596
4605,68400.26805234284
4606,52190.14602453393
4607,43243.81081833759
4608,52669.02402733857
4609,72035.71821866413
4610,54129.708758579945
4611,47411.84533186286
4612,71520.14653095331
4613,62162.13514792755
4614,56168.15116969003
4615,52451.58879973318
4616,66066.12102984617
4617,50374.171379223466
4618,55054.16788646346
4619,53625.58381084847
4620,60589.5188656978
4621,50471.77049329025
4622,48413.044568113604
4623,72280.66248037067
4624,67741.897766483
4625,73017.07975083287
4626,56455.815240662996
4627,67616.84173629755
4628,63386.928164221834
4629,74678.27541085289
4630,64110.59403135617
4631,65453.56251373663
4632,65959.42362610834
4633,40335.497836634306
4634,54334.37359703788
4635,62261.23624002089
4636,35104.54589144343
4637,55051.33355337386
4638,46410.64960707556
4639,55042.86561142939
4640,63747.84104982704
4641,48314.20703174561
4642,62610.308978173736
4643,39574.93375354795
4644,48123.24141616735
4645,66429.19335164997
4646,48178.02065854751
4647,54800.88055394269
4648,56529.53253439491
4649,59971.01753563382
4650,58321.163296092585
4651,69391.80426489217
4652,77222.86972294042
4653,55592.16508565083
4654,54300.76945873399
4655,66994.25006264204
4656,49920.111058492774
4657,31949.45505485605
4658,45066.64129463131
4659,70175.81695962197
4660,61275.51252400855
4661,58817.55006126517
4662,54454.35157175245
4663,69326.24046014604
4664,64691.59397123656
4665,49969.45922253308
4666,65834.19453138772
4667,53272.12505279493
4668,79404.34993643603
4669,48867.13061081351
4670,46234.575996932756
4671,79359.33762266599
4672,52516.051912212526
4673,56693.2378033598
4674,39746.95044362062
4675,47919.51980430003
4676,57176.03042470203
4677,61302.02184576136
4678,63773.48010107975
4679,33800.031532034394
4680,58676.943911464965
4681,59770.93264697726
4682,46976.94964429225
4683,72008.6510733551
4684,61132.80668143367
4685,59140.04985616105
4686,56651.54468939454
4687,64993.364719519166
4688,62264.92079651916
4689,54780.78216331908
4690,71593.6618194217
4691,49344.936528348684
4692,61916.72075315091
4693,52728.05572210867
4694,47011.92289965679
4695,82610.9620400448
4696,79469.18130846017
4697,54458.83911805462
4698,48470.583253367215
4699,56954.62203448898
4700,56607.885064308495
4701,73692.71400848412
4702,51690.8011599543
4703,62705.2151109112
4704,79857.55128301473
4705,74548.83912869245
4706,58132.543882896185
4707,71334.92363013144
4708,65102.301631583585
4709,56449.54304623103
4710,55687.93753398142
4711,64007.52074033136
4712,54850.73290283384
4713,48063.655314033276
4714,65435.066019040474
4715,42326.69512281359
4716,67405.78164519627
4717,54262.456654957256
4718,63892.61175516763
4719,59553.56262765771
4720,69165.27638614288
4721,48910.569278626375
4722,36982.7280283549
4723,48879.12512428769
4724,64430.6048172603
4725,45896.25748262257
4726,60739.76631038521
4727,51830.38442355578
4728,56142.85092213003
4729,47940.03766507951
4730,75035.2372972282
4731,63979.772194004494
4732,55729.84146678984
4733,52050.43238680184
4734,65185.232952026774
4735,53712.96779938341
4736,65882.5549784349
4737,69985.51007072761
4738,82507.9641332246
4739,54050.667341687855
4740,48386.90643684209
4741,89812.76208463922
4742,56003.81138475246
4743,69136.9767776982
4744,58170.0556376488
4745,48023.96168329226
4746,48072.29446607511
4747,47121.26838027762
4748,59959.42195380436
4749,68226.87443298489
4750,55028.486016382696
4751,51262.523933077566
4752,44228.02767617511
4753,63314.19122789701
4754,60317.51943491833
4755,53375.11589882322
4756,55657.1619343222
4757,52361.36387633415
4758,66765.18596202039
4759,54152.01753189901
4760,51805.372929468496
4761,81551.70046800467
4762,56813.0119792603
4763,61819.72222288904
4764,54257.282078844735
4765,51621.07784169748
4766,39991.309293106446
4767,40114.38210906711
4768,55217.836267503684
4769,53875.69119064185
4770,50474.58700504745
4771,51805.364271881495
4772,63586.4874168112
4773,71659.43214370254
4774,61258.19883321836
4775,46081.42194209166
4776,58027.22508859374
4777,68110.14013366018
4778,52370.028671110704
4779,42067.07921011151
4780,61167.3491578785
4781,57803.78991982144
4782,44508.01965858975
4783,57275.761439195914
4784,40672.635178005534
4785,60474.73724665692
4786,60132.63719775057
4787,49067.17131871504
4788,54977.553920412145
4789,59343.2139414479
4790,46087.50410083242
4791,68109.41124542675
4792,59236.28286815851
4793,53800.94422707688
4794,61059.068974914364
4795,57231.83423275439
4796,58698.567716682715
4797,52698.92273147379
4798,66294.14170432635
4799,64819.71502971135
4800,51656.4179637394
4801,42544.95836829104
4802,47643.24141732196
4803,62804.85478825743
4804,55570.73875813493
4805,56214.33003567871
4806,51321.15191471369
4807,52708.25619497066
4808,64387.835085569175
4809,51812.42758827408
4810,56092.42358144214
4811,58781.16055297191
4812,52656.061064168345
4813,80591.46064557767
4814,72816.00203840256
4815,50566.23558916746
4816,54920.627590673554
4817,60472.17105920294
4818,54402.509673052045
4819,62321.081315195326
4820,57189.91719239729
4821,52916.17511524378
4822,61268.086428447525
4823,76959.27826620992
4824,50018.4293760917
4825,57251.87774096661
4826,46958.824537124565
4827,54182.649481568
4828,41442.39929972036
4829,69064.21195294248
4830,67098.18522892092
4831,74779.57871048356
4832,77756.50868440846
4833,65397.92242554201
4834,51743.6756704285
4835,58116.71709202532
4836,50791.2710248057
4837,54606.58130974723
4838,57768.9243290365
4839,70614.68521967395
4840,53137.45204506555
4841,66228.53606951398
4842,57238.62354306073
4843,48647.87050234275
4844,55785.51767192849
4845,65648.60634972916
4846,56725.77579079454
4847,72238.50801733129
4848,44214.73124857215
4849,75092.33132649436
4850,45476.49295751867
4851,61603.60590381194
4852,65824.24826873733
4853,67343.27808441916
4854,60319.75111598594
4855,57467.9960354514
4856,64703.96603068898
4857,59139.07390723698
4858,71757.07913574198
4859,47183.13772097623
4860,68753.3734820363
4861,55603.31313776804
4862,47236.75455412523
4863,57695.02818602376
4864,48352.52635743326
4865,65523.204997362736
4866,54862.63153271225
4867,45579.853035117936
4868,51755.38137330423
4869,53496.049615065465
4870,58925.81194888079
4871,44811.51015724796
4872,55559.55172023817
4873,63629.29565868145
4874,60326.613052806875
4875,53120.23472353167
4876,59046.47999103959
4877,66032.06156122121
4878,49174.8561903815
4879,42756.12115765156
4880,66865.73745922711
4881,65742.43896810139
4882,59317.45965939259
4883,44210.863908006955
4884,60136.66693861101
4885,53127.701810966035
4886,40020.47510892657
4887,66750.47287654653
4888,43011.153352733345
4889,53384.033548607746
4890,67512.65344516783
4891,42346.35315609993
4892,62651.490885330895
4893,49952.82789170395
4894,48391.91248506137
4895,56344.07256567507
4896,63693.67197656328
4897,48303.10604902986
4898,56220.57665428426
4899,51955.29694725112
4900,67412.01951146976
4901,43587.94896237711
4902,46244.77520861271
4903,71365.71552365145
4904,85357.14131120626
4905,32844.01265691397
4906,38024.59379156738
4907,61455.64002093362
4908,63358.460505351155
4909,53424.94285711424
4910,42395.52024468034
4911,61251.92701496148
4912,56063.35726874492
4913,75681.49449044734
4914,68603.32468605615
4915,59207.67586611582
4916,74064.43547520923
4917,59548.61299281611
4918,40681.86612174342
4919,74754.38331110324
4920,63249.46749535101
4921,70441.6263286252
4922,64673.67043879107
4923,49518.58149019806
4924,53505.45047354198
4925,42909.136172997445
4926,62953.445827963995
4927,59992.37074573276
4928,59872.85793590502
4929,40228.37659127018
4930,52065.139972216704
4931,52339.97634426194
4932,42797.29320901318
4933,39804.86869815645
4934,70192.17560209135
4935,61052.34862286273
4936,66715.6349535016
4937,61166.57204804574
4938,55415.61903462001
4939,56345.48020085946
4940,54144.268320173585
4941,49943.4644029054
4942,71197.28425835335
4943,62592.58511546387
4944,73237.97825611252
4945,65548.88523824494
4946,50772.452875454765
4947,69691.75793048387
4948,68485.61335403491
4949,63655.73362166155
4950,49833.28938309536
4951,58677.52579139419
4952,59476.12716759608
4953,59820.87569734099
4954,65388.34650037751
4955,46321.47049082827
4956,59216.13263778702
4957,59284.870340931804
4958,61404.84324425479
4959,55375.04951879535
4960,51733.13722549782
4961,60836.29086404324
4962,56121.35679141489
4963,51332.60571658971
4964,38012.16100051376
4965,59533.52409332827
4966,51921.00382163379
4967,58682.84362081555
4968,49332.20494591964
4969,50528.0850059013
4970,48873.74505487614
4971,51576.66774761764
4972,53504.27953439594
4973,55887.817086991134
4974,53854.60111421366
4975,56161.396422111866
4976,73567.63709546413
4977,44599.02066852373
4978,66851.48273206124
4979,63179.38067857197
4980,57813.198862805046
4981,78293.33712537639
4982,49231.6035278815
4983,39653.78119280677
4984,69713.48687658705
4985,63911.617120803225
4986,39075.46444314479
4987,57697.51209228823
4988,64679.621332346615
4989,49830.050907305114
4990,76351.29062819405
4991,73560.21930731695
4992,50112.305358895755
4993,45218.374767579764
4994,66633.73161662067
4995,48735.118932868834
4996,45671.76429322081
4997,65491.640769981874
4998,68405.17977531986
4999,45405.915687744884
5000,46600.82289054675
5001,48229.2461931382
5002,66371.58743357784
5003,43097.629945582485
5004,70855.27375215042
5005,78515.28297098998
5006,57765.609968711564
5007,44990.07351584147
5008,66958.44867363297
5009,50803.00201520118
5010,68282.68465069907
5011,47366.60325828357
5012,62843.8496660981
5013,42628.754911156815
5014,64123.41602922973
5015,62390.06332695344
5016,53795.80418418503
5017,42953.31775024529
5018,48352.00509562779
5019,44610.08786492663
5020,57006.38070911848
5021,51179.74274779249
5022,59715.25564550717
5023,71595.10875949213
5024,72160.06671516382
5025,81002.31902056625
5026,79882.10122678093
5027,48331.68688027273
5028,62508.47992009459
5029,61240.260008282
5030,60356.505687821395
5031,65432.90227999581
5032,66931.89538027435
5033,60561.051339088066
5034,50895.61512556101
5035,41886.804894389796
5036,63873.63607899622
5037,54529.52352312928
5038,72875.66204252875
5039,61860.80595347412
5040,57054.184363550805
5041,59768.65567821016
5042,49053.458486017735
5043,49092.967796440666
5044,61486.27783999778
5045,62102.08725875264
5046,65862.75753113306
5047,67475.48643393593
5048,53237.62190476429
5049,57182.898172088135
5050,55602.848830280986
5051,59118.79363796253
5052,54798.597355463564
5053,61119.385618983404
5054,53508.46634944856
5055,60559.95577015674
5056,45574.352153256434
5057,59206.950125674965
5058,56104.81470204047
5059,48332.78962393588
5060,46099.106233238526
5061,85265.87201720913
5062,61587.623650932954
5063,79924.39226733016
5064,63561.111063594835
5065,66361.88726543893
5066,58299.46741045378
5067,62776.23632706141
5068,49184.9222574716
5069,47332.63739951267
5070,50251.20012047689
5071,66077.71112269156
5072,39894.40004377279
5073,51178.16189952692
5074,70475.96049575861
5075,50261.377667474335
5076,61734.76901764262
5077,58382.222148197994
5078,51060.536001087654
5079,38901.42489234701
5080,55998.9307035899
5081,62729.01400343372
5082,59753.08188227176
5083,43524.167224283236
5084,73821.14670464511
5085,56422.1119737478
5086,70467.7548534798
5087,55250.5401920693
5088,65241.164380176284
5089,50838.174219629225
5090,65674.35928823892
5091,68877.35572828486
5092,50458.16363205286
5093,65360.02186053194
5094,66449.66344243541
5095,40257.26144317885
5096,76778.93732125718
5097,58423.46697642876
5098,70953.17645375863
5099,67447.88966236766
5100,46356.46139345776
5101,49680.52957834319
5102,55920.75744780878
5103,64739.53829328504
5104,70701.06328360399
5105,41482.01619467517
5106,63260.46422245002
5107,66121.9849153877
5108,54761.56666761404
5109,67713.9858243043
5110,73667.11257179697
5111,58028.03340806689
5112,56124.37544361364
5113,65698.5242791897
5114,59865.07364861373
5115,65139.12293968505
5116,60044.31406192028
5117,42596.71301319062
5118,62490.9075611354
5119,57794.239930472926
5120,49443.57662546097
5121,63174.816512616395
5122,56647.04192954308
5123,64446.966694989875
5124,76152.96596023058
5125,74019.02915367341
5126,61419.41489563433
5127,51401.149296057665
5128,57713.474364655034
5129,49683.014714082165
5130,56796.293775158614
5131,60552.12796767842
5132,55497.94065198957
5133,59946.77898608507
5134,68092.00565106493
5135,87732.80122203453
5136,62533.376500222694
5137,63826.81649989216
5138,61646.48445696213
5139,71887.36008702595
5140,62404.19751470504
5141,60844.90193504394
5142,40794.82902536821
5143,68150.32402587103
5144,55748.138899631704
5145,59074.32862793786
5146,70375.85881954583
5147,51809.266909356265
5148,57586.280777023
5149,68949.14182505764
5150,60773.701490709944
5151,47225.81211190862
5152,52929.61889510569
5153,65334.204139757436
5154,50981.34128308026
5155,72581.54823055342
5156,74940.91646962427
5157,54114.58661605148
5158,75834.44525823162
5159,58815.61186998964
5160,53527.61019499416
5161,64731.48640078521
5162,66848.77742816489
5163,62839.713593896304
5164,48529.93223437442
5165,58069.603457229125
5166,40142.674511307494
5167,67848.01953033979
5168,51561.486449675096
5169,56329.20648025054
5170,66975.98912002909
5171,38313.56415002784
5172,39867.74146387473
5173,66228.61824684842
5174,65977.26516493023
5175,65092.15453857473
5176,46022.702295077506
5177,56066.414666228404
5178,56270.18451729886
5179,63865.80055619228
5180,86398.87240425314
5181,64762.53189368948
5182,66552.72633983535
5183,50914.76849713266
5184,41504.155819712956
5185,47093.44548785089
5186,47463.247897713845
5187,61008.98088226382
5188,60020.01626499107
5189,47177.667420810445
5190,47288.86776832383
5191,55737.090301584656
5192,37083.160159716776
5193,51265.7198682288
5194,54127.92746199738
5195,64707.87842554997
5196,60741.027196212446
5197,63492.18536190345
5198,51429.87890775743
5199,56112.73390956831
5200,68607.15016961787
5201,52788.95311821973
5202,59469.22964709024
5203,66577.24869576833
5204,65287.19612427705
5205,54114.456576044664
5206,64563.4408785192
5207,43423.586707654395
5208,57158.855050269005
5209,49449.83329256793
5210,74300.14869614968
5211,46914.30771104585
5212,53803.35700707261
5213,55487.42016671173
5214,61632.20118960402
5215,62900.30690689593
5216,78854.27520756699
5217,54210.128689123296
5218,57448.66605386891
5219,66364.84974760386
5220,31633.706469291305
5221,53452.4100163362
5222,54710.45778500238
5223,47677.871741933064
5224,42728.90488451114
5225,52860.29043330024
5226,57005.55052690346
5227,47450.862106964545
5228,52947.79572455723
5229,59301.41499381812
5230,55185.35778806269
5231,40812.91289188451
5232,60759.626227289766
5233,68791.65110298745
5234,62656.71983254911
5235,59636.00005430827
5236,47121.31225968671
5237,42860.49467186237
5238,54399.66032293361
5239,58157.096414654276
5240,64279.781311970975
5241,80958.87500561863
5242,67723.9668158127
5243,60632.087724190555
5244,49656.21641998325
5245,41327.5360204028
5246,50176.73784239859
5247,55292.747436958445
5248,55906.778319396355
5249,67052.26237541804
5250,60765.73601981361
5251,59494.2578049214
5252,56351.76235341927
5253,53954.89602747163
5254,56929.41195990618
5255,61596.36443261546
5256,42662.99880368868
5257,58986.70913556426
5258,65893.77343239367
5259,62855.059609263044
5260,56566.68581837981
5261,62078.19410227389
5262,52616.58171214331
5263,58976.1789987599
5264,60766.26213415721
5265,61467.3669082937
5266,72540.687183334
5267,85420.6922643568
5268,47011.919347485404
5269,64587.928476242625
5270,46262.20605517191
5271,62709.31893061934
5272,43354.36344465133
5273,60828.050509094464
5274,51505.3063882605
5275,49107.10988851834
5276,53671.749284023776
5277,68446.34713832244
5278,56194.488032056644
5279,45935.00480630925
5280,63581.72380699403
5281,75189.46885303876
5282,46429.99314351428
5283,63208.99692148136
5284,55137.96106589701
5285,57310.89474724578
5286,62981.58189353723
5287,44633.09283406921
5288,62880.76797868686
5289,45040.3558073005
5290,48665.73915945092
5291,48786.81768257227
5292,56962.45675591707
5293,54924.56307947723
5294,58990.82931189879
5295,77681.60707763769
5296,57416.0738179048
5297,52540.062566943656
5298,52269.11936108941
5299,73533.35772660116
5300,49939.66017047159
5301,66651.96924550204
5302,57290.122514590614
5303,59699.9172875267
5304,65802.82898163356
5305,55728.824467004335
5306,58466.936695355864
5307,60346.18882491126
5308,81403.59835295817
5309,62432.82462895695
5310,52740.007394350156
5311,67646.04358550835
5312,53196.571367804005
5313,54282.49120161074
5314,72040.07069314404
5315,51650.04399723326
5316,59655.10230507426
5317,48303.28288512466
5318,50277.45661749148
5319,59266.02387828396
5320,64975.775435504445
5321,43878.69630183229
5322,45264.13229834405
5323,69027.9362838656
5324,48354.89181158281
5325,62121.92162999789
5326,68904.33816435019
5327,48659.8396326314
5328,70342.20010974008
5329,67896.82588590553
5330,53936.80665050992
5331,52678.147153852675
5332,63716.31386445987
5333,51178.988968434904
5334,62513.821281603676
5335,59652.93312749419
5336,52628.31534935541
5337,65363.31795168249
5338,85393.83016187586
5339,54467.58353663247
5340,63979.012150074734
5341,52524.58841590777
5342,60242.576134009825
5343,56006.45305977634
5344,49671.014469222864
5345,56758.3425001036
5346,86413.34114472738
5347,50712.787214707576
5348,54703.829239448794
5349,43954.32535151172
5350,48854.83339223469
5351,61657.033695049904
5352,66707.91152150962
5353,53693.01824940875
5354,41387.38996416726
5355,51941.664937390684
5356,50515.72629923855
5357,53107.90223067943
5358,53705.530615185
5359,42252.466624189365
5360,36673.92844250775
5361,51274.05940015866
5362,43790.95498574414
5363,65146.710071325186
5364,72939.69933320124
5365,44149.42665796464
5366,56972.651002529885
5367,64603.972057196836
5368,52881.85367530843
5369,50865.87540419785
5370,69871.92250226399
5371,79268.09266343777
5372,63389.30469635866
5373,58006.61377209118
5374,64293.049164009084
5375,70714.61573916019
5376,68351.22300974818
5377,52862.20168636682
5378,64881.562442251874
5379,65938.29702104174
5380,34847.896536503096
5381,50170.683713628125
5382,40922.55781946838
5383,40350.9769077521
5384,72761.37226674543
5385,61942.96608409611
5386,65338.7143464258
5387,52377.94994754631
5388,47561.04969273973
5389,53104.11700306944
5390,58619.3527069308
5391,64303.015674618546
5392,76720.79357280876
5393,53034.285051183
5394,48375.56495830055
5395,44368.998934173855
5396,61787.53912031222
5397,57882.34390564344
5398,57382.016337167486
5399,51948.7386019459
5400,46742.08884649646
5401,51298.940874874665
5402,51800.19542155452
5403,53861.46353281872
5404,46843.2803876318
5405,51243.70711675391
5406,65524.40139549311
5407,52703.120309626036
5408,58843.21511365768
5409,60356.70417685619
5410,47394.22229272557
5411,46445.4359521938
5412,74724.98871535966
5413,47018.97450456815
5414,57475.05781947701
5415,73233.26952426875
5416,60801.7532815445
5417,44843.71459807149
5418,54090.99719095058
5419,51755.318484433454
5420,54711.08657151977
5421,48571.63542926795
5422,60207.38197230348
5423,53493.73446410413
5424,47966.17381798358
5425,42506.11830103172
5426,42994.87483178883
5427,59064.48286700208
5428,66557.69109176027
5429,49747.47687053649
5430,43826.614958312806
5431,65342.801585831934
5432,54165.86412441543
5433,66219.049075367
5434,30506.52074211104
5435,56694.97140644657
5436,56801.03621971709
5437,54716.1234529347
5438,47170.06159645633
5439,67007.02985952626
5440,60433.87216121063
5441,37347.490891185895
5442,57065.23015820382
5443,42049.335350147245
5444,50864.89075163567
5445,54844.1670420186
5446,55208.65088676288
5447,51387.69605065225
5448,58211.87499950231
5449,51450.76329300075
5450,47277.01065811868
5451,42006.523847774544
5452,43681.41528589567
5453,53965.7094732632
5454,77066.85524911887
5455,55767.84988485614
5456,44826.793670682055
5457,48999.307979738835
5458,52670.74689770937
5459,60880.17932078911
5460,64604.791968384154
5461,54500.558770575866
5462,42064.07973094605
5463,46927.49720624624
5464,67756.22470121745
5465,61093.88705748058
5466,41446.332614270046
5467,61883.20013523302
5468,66634.79015121439
5469,50096.384174384875
5470,62346.17608374097
5471,54863.58315307458
5472,58888.00746569823
5473,46324.37609856732
5474,59023.75717904032
5475,57145.24204440393
5476,57408.748965616694
5477,63620.124095804196
5478,62772.4416821484
5479,60452.35752770306
5480,81377.31892463301
5481,47899.07301892961
5482,55405.82901275414
5483,58624.50385233363
5484,45763.498691405155
5485,53586.468136695956
5486,75990.13955530271
5487,46004.93505118753
5488,71595.74602527833
5489,51481.02026421568
5490,53456.885984389155
5491,74237.41748671031
5492,72281.66474732291
5493,61459.68000146029
5494,52718.018220187005
5495,43840.99940116867
5496,64967.72170407128
5497,64476.99011439395
5498,80293.8928575805
5499,57335.43714001153
5500,60944.94724414327
5501,58616.27829761172
5502,59037.38478082312
5503,68922.52261772643
5504,64230.76915653362
5505,39967.108815911575
5506,51476.08054120916
5507,65658.84182891855
5508,81450.59885822519
5509,49285.766389476565
5510,62616.83415167797
5511,75472.1676731708
5512,49229.97360272929
5513,56722.026514655045
5514,60919.64837308914
5515,48594.49067467982
5516,66340.43020056086
5517,102345.55506436642
5518,56783.50371155476
5519,47796.11254828365
5520,63714.634058583775
5521,75669.53747435394
5522,37177.38038584673
5523,45953.78503239102
5524,54715.88224324717
5525,60863.781672843084
5526,58788.37463261728
5527,57162.24458694256
5528,53499.26176894084
5529,46012.17405836557
5530,69273.29430948549
5531,37991.39836456237
5532,54069.78002099717
5533,57867.41090507959
5534,82098.95822968883
5535,44398.487001671114
5536,42057.03244616924
5537,57281.18748245058
5538,60760.03185575184
5539,57529.82764813226
5540,60545.91809234786
5541,47017.05480741085
5542,61501.11549281837
5543,54831.23622404022
5544,57253.84119359874
5545,63356.26791355084
5546,62458.7440650753
5547,66784.35413950752
5548,56484.14785490414
5549,58051.98119274626
5550,40102.494518252504
5551,54728.96500955976
5552,53160.75421140767
5553,47607.88370852595
5554,67568.3820297742
5555,39405.985852172824
5556,63560.097547806894
5557,56596.98531186941
5558,57508.916967064026
5559,50810.445696725415
5560,58270.1113143815
5561,55329.81398458373
5562,65276.64542932441
5563,69886.06482038295
5564,86269.74724560881
5565,41628.15084231757
5566,47515.7674165156
5567,51239.642768535865
5568,45790.00871820625
5569,69763.42398569763
5570,54956.342273139766
5571,67021.03341970734
5572,54111.165049490526
5573,52405.6956057231
5574,66941.10437332044
5575,52264.187470912315
5576,56909.16727125559
5577,47478.36822462306
5578,70416.54908020794
5579,60829.14308448399
5580,52043.55604883725
5581,67100.53667254078
5582,69928.20990422466
5583,43732.06846312491
5584,50531.4477802542
5585,73593.62578459657
5586,71570.00385303049
5587,44970.421802846075
5588,42886.18675137748
5589,54731.555193493296
5590,59341.340871071356
5591,68509.27053268735
5592,47690.63582832146
5593,62287.555497026944
5594,53386.83084096275
5595,60701.233345299086
5596,56420.27103570897
5597,49879.03919366789
5598,64361.10887231157
5599,64530.32114953403
5600,49353.72551329123
5601,63029.03953985483
5602,70582.28793088325
5603,60420.33980689554
5604,63177.849545471785
5605,56078.335698314266
5606,69197.62211824769
5607,76444.95919597946
5608,64963.436886019525
5609,40631.491677190126
5610,48603.88890800726
5611,47064.16108518555
5612,65435.21204496653
5613,77589.32842947802
5614,63736.51121318974
5615,61431.8688777709
5616,41736.786494664244
5617,89381.82054512421
5618,72382.73230496823
5619,54901.34341481166
5620,69842.74197728159
5621,45610.58902896268
5622,67448.37769700342
5623,43855.82337705239
5624,72989.68938848705
5625,48277.402469174944
5626,60682.55393936988
5627,49022.62119083893
5628,60557.16627169018
5629,63378.29150639111
5630,45758.95256720186
5631,52159.04186675316
5632,49170.60144178702
5633,62585.361390903396
5634,58644.56671266748
5635,74848.41049956434
5636,55600.125909760936
5637,80022.11245324036
5638,62543.07141754353
5639,57627.36198197678
5640,55197.38287294613
5641,60166.12678474146
5642,42856.91457974504
5643,58946.88687601674
5644,59540.62762867477
5645,58710.29290199851
5646,58356.48087005986
5647,63135.93151502799
5648,52982.09488102109
5649,74886.52761362091
5650,52384.89404709744
5651,36685.99799709233
5652,48063.28814455646
5653,63212.514886972014
5654,53038.264540790115
5655,57776.68669795015
5656,63158.1575733654
5657,47313.55441291304
5658,66092.16465581846
5659,71937.3208678215
5660,83593.74625671934
5661,53149.38207559834
5662,71938.41295980447
5663,51175.41173795888
5664,57968.47877345926
5665,51675.92421756595
5666,56594.38693249358
5667,43585.561172773334
5668,64353.61676097276
5669,61363.32498349921
5670,69205.88398918505
5671,58989.82846698355
5672,41918.803093003575
5673,80859.5934132981
5674,44979.21351578955
5675,52156.34622473652
5676,61156.0234857373
5677,59330.70972631247
5678,80248.96558858673
5679,46184.04891577801
5680,44691.59302744779
5681,50739.46966491197
5682,47469.368693068594
5683,76171.89798910772
5684,52721.09717159091
5685,51728.79732056767
5686,43571.77519608152
5687,63137.61022477783
5688,59757.167715184914
5689,58845.895675072854
5690,51339.86957367906
5691,47761.76021850601
5692,60051.05199458297
5693,43292.29335970857
5694,50419.96327301938
5695,56396.30937100554
5696,62954.45272485031
5697,58243.28549205695
5698,56766.932410050205
5699,62619.02776663177
5700,47313.96560625932
5701,49334.22657124094
5702,53252.78461974889
5703,62604.86583545959
5704,62966.34165201326
5705,54162.17783431083
5706,53828.943423551354
5707,44002.52982309962
5708,76551.03637390805
5709,47034.156728282374
5710,69096.3202519956
5711,54157.33477443482
5712,65577.258405288
5713,63897.55030632044
5714,65197.0307401065
5715,55077.15893670434
5716,57457.48019018277
5717,57666.79327001425
5718,50405.63021238123
5719,72826.69303258703
5720,83242.08972415232
5721,59529.94578156244
5722,53152.10932015306
5723,49107.40365641835
5724,60860.82134964305
5725,37041.86097438756
5726,50828.157977796785
5727,45174.34019696571
5728,60800.864181247714
5729,77169.75062673977
5730,64381.58761687298
5731,73510.6492018318
5732,44464.897030915265
5733,61462.22932323336
5734,45133.49653789294
5735,56543.27618587435
5736,57855.41915720688
5737,61039.51149806747
5738,90722.98390751902
5739,47438.48953331122
5740,51509.0652887315
5741,58886.39907596592
5742,60865.75171396922
5743,71670.72157950475
5744,49855.602585890505
5745,49070.63875134739
5746,67431.07088669864
5747,52439.99040983137
5748,48615.57464077236
5749,55740.55080479452
5750,70273.76081234304
5751,66096.49343764133
5752,90466.92175291321
5753,56313.36195261094
5754,59249.17572633582
5755,52665.52150453655
5756,48243.856567557945
5757,50186.75136268963
5758,58950.26377780065
5759,54188.41576661441
5760,48494.83282003494
5761,61959.67441448883
5762,49092.94099148529
5763,58361.23919790169
5764,61340.599553991626
5765,60800.825426418756
5766,47146.61738962375
5767,56224.91324807595
5768,66719.51119114246
5769,52835.37802749701
5770,49279.308602860816
5771,39438.33814764333
5772,59823.02075995408
5773,50450.813727553126
5774,58538.35552791936
5775,76993.33435160226
5776,54491.6633498532
5777,60145.381970140545
5778,56399.84222429981
5779,55973.445278154744
5780,46582.98920141885
5781,51280.318811236306
5782,53104.031952416255
5783,47647.74615407022
5784,54633.33766493266
5785,60110.0058650434
5786,53401.63315643054
5787,55861.29376466495
5788,66684.66598114216
5789,44892.931406776144
5790,66682.12420143945
5791,66383.82531473145
5792,60491.472697433615
5793,61988.23630165807
5794,48458.672984830635
5795,46087.439359943724
5796,52331.51577766647
5797,45704.485450907574
5798,62674.870635728264
5799,45420.67880072578
5800,55662.63978234186
5801,58229.011421615985
5802,53131.92212498233
5803,87108.51792241228
5804,38298.5604505094
5805,50217.11706960824
5806,63718.35734909458
5807,70409.66802122512
5808,61010.42599806644
5809,37866.42941476968
5810,56880.93842543975
5811,54091.9754656693
5812,58703.10906944546
5813,55235.62609155853
5814,51109.155905673295
5815,59671.81961135827
5816,61317.10183496785
5817,91808.01261623252
5818,64463.7038158685
5819,74373.52775537125
5820,66140.15584608067
5821,55943.931137351625
5822,47451.591212823965
5823,71378.6387204918
5824,64392.716251523605
5825,43739.95104991263
5826,70140.55998974676
5827,44668.6182112537
5828,36248.20030588328
5829,56246.061734334915
5830,45186.58932559335
5831,51591.83508703383
5832,50393.69602760026
5833,61709.29484142649
5834,40824.094494819445
5835,44799.05185281454
5836,49298.11825572129
5837,34571.58542668837
5838,60163.94272183521
5839,64763.7500072209
5840,47161.38944160859
5841,60822.72881102301
5842,43596.522931473555
5843,44484.005525592176
5844,52836.942711451615
5845,62619.246353016155
5846,62881.39470525624
5847,59665.1989029004
5848,67916.90357167965
5849,56412.309523196025
5850,38068.97846813021
5851,48826.383833329506
5852,66678.92891728111
5853,56913.07979692526
5854,73030.85782674229
5855,44709.94122895108
5856,58834.72317998281
5857,54182.25556859525
5858,41978.252796451634
5859,49304.47576256778
5860,57416.72411712125
5861,58980.37066723793
5862,53416.0348347667
5863,72072.03429202431
5864,43531.42533855369
5865,39838.82496848561
5866,44145.40576085107
5867,44570.441223733826
5868,50383.352181185124
5869,50630.175507015876
5870,46639.06918726712
5871,53911.07115540962
5872,55464.933257811776
5873,56715.46940877068
5874,55897.5312623001
5875,90972.7401157041
5876,58244.487753456844
5877,56655.087484645075
5878,70956.95324098007
5879,46868.19210711831
5880,59651.80019360126
5881,52361.50350607949
5882,56109.51360878102
5883,52279.626986747506
5884,68339.62418263331
5885,52038.80422311852
5886,49229.20098269291
5887,50856.782633193056
5888,51584.11220730219
5889,48535.30894313092
5890,45525.516708505114
5891,49070.96674470777
5892,59622.716761719195
5893,71575.23237721749
5894,47056.57737823593
5895,65034.15417087403
5896,63339.133706946224
5897,63110.20140269542
5898,55044.247297582726
5899,57840.750675172014
5900,54441.41631834516
5901,36509.69415270816
5902,47507.25570484412
5903,67866.58574499801
5904,54168.45577425824
5905,59651.30499379832
5906,70284.65776205511
5907,67992.14149162317
5908,64872.94693514356
5909,44699.3087852632
5910,41377.91901883928
5911,80910.15445839599
5912,52405.66704951346
5913,46145.67068565093
5914,60026.71963246958
5915,47931.69098107306
5916,58735.81015505873
5917,74122.55274223696
5918,46005.81995408571
5919,68012.40458737552
5920,59998.68660115104
5921,43690.067797129086
5922,50916.325387120574
5923,62376.0591344889
5924,82907.30772067356
5925,41572.2379425425
5926,45102.14202159096
5927,54276.278807650866
5928,76505.47906583296
5929,66414.9963253191
5930,46135.28186246459
5931,70897.70194028677
5932,50858.58679757105
5933,61771.24003818939
5934,68509.67306055564
5935,49836.386780192806
5936,45389.67394442182
5937,53608.89276459628
5938,59624.65893378033
5939,60014.53889699182
5940,66750.56400592942
5941,47806.32266656658
5942,44712.81249965403
5943,71449.10162418908
5944,45036.3430736052
5945,58561.4078052304
5946,67456.85484067188
5947,53903.513477047585
5948,68686.43671797957
5949,46536.59515524601
5950,65577.89448419455
5951,48250.491468581284
5952,60064.957245318576
5953,75932.60624607552
5954,96166.06924953566
5955,62848.60940110757
5956,56426.49522022033
5957,55584.770795977
5958,62829.025837212124
5959,53844.37902810423
5960,78858.09536356307
5961,53126.76705705346
5962,50023.78369842202
5963,47819.95267875392
5964,57326.55441025011
5965,55883.210486325406
5966,52456.304818202414
5967,49793.22017087658
5968,46928.7804748894
5969,52297.475669566884
5970,56870.562327959575
5971,44173.87048961926
5972,69380.57260015782
5973,63166.69128402815
5974,46282.059688088964
5975,52275.4567204993
5976,51706.619129367704
5977,58207.38483172787
5978,47293.521858123364
5979,81908.01154186022
5980,49160.44919959764
5981,62037.86761158117
5982,62717.85571999102
5983,46981.93958284976
5984,47718.78576933908
5985,63372.855513914124
5986,70087.03467537586
5987,52334.15803374546
5988,53980.38396046746
5989,67057.98290284652
5990,88126.17552340466
5991,53799.674652629205
5992,52776.216664744534
5993,64461.971705258926
5994,59269.41415573965
5995,58248.849462122824
5996,38924.96135710302
5997,54235.27643629423
5998,46449.06823368828
5999,56975.96376965189
6000,65807.85143965209
6001,73633.30696232566
6002,65052.254883162874
6003,61331.780888939735
6004,64755.317545631384
6005,64445.56922952714
6006,59088.80952465389
6007,72490.04026575811
6008,63505.80647961022
6009,60420.54323997928
6010,65548.63414898935
6011,62338.927785916065
6012,56391.27126803275
6013,51364.21137798237
6014,48620.33042402925
6015,43557.18660829897
6016,64827.69124473946
6017,59553.246665731516
6018,61210.62658072804
6019,63175.84842604202
6020,43574.0772728688
6021,50944.91304390176
6022,47670.621618892845
6023,74322.24511048179
6024,52483.33032788772
6025,57412.52775867299
6026,49153.45396942738
6027,54879.29186834661
6028,56880.12376447635
6029,68443.53849750162
6030,60840.9573171613
6031,65057.56474888228
6032,65291.898635479505
6033,51798.2802768857
6034,42252.37425791547
6035,53514.57037061733
6036,54722.51784522084
6037,79263.82789733402
6038,63108.67287614912
6039,56042.44354757704
6040,63846.14860515391
6041,60015.640232557744
6042,57127.85688742679
6043,53341.929429528966
6044,60194.38896670162
6045,68530.48238944117
6046,64038.16089525578
6047,78877.08247202392
6048,64753.00552198795
6049,65160.69663664498
6050,73801.36616602118
6051,47204.813323198425
6052,60372.373887383976
6053,59600.985465911996
6054,75282.14809482342
6055,59401.53920266173
6056,48091.29621874876
6057,63085.482072576495
6058,50088.56107920926
6059,54033.79351288935
6060,54834.53059326443
6061,51108.21739526822
6062,59995.683055276924
6063,68435.52202988138
6064,54830.1971713218
6065,73650.14141070336
6066,63208.475667094455
6067,48546.77642409661
6068,48284.782424660705
6069,44002.51794309285
6070,71151.3295494288
6071,58116.19389816705
6072,57922.104177848225
6073,66033.18000007555
6074,42478.899683256146
6075,40033.99979492109
6076,73878.75030259333
6077,64531.42865705984
6078,52133.518242124366
6079,76033.02556331441
6080,45032.55672117908
6081,56255.031024485914
6082,42399.33782125963
6083,43586.372008531565
6084,47565.19770990695
6085,54518.43474868754
6086,91834.51370706166
6087,49600.80621048118
6088,44062.729709502266
6089,90222.14498977193
6090,61173.87362065759
6091,78159.32702164438
6092,55555.1834185752
6093,53886.7349857707
6094,49202.956671288346
6095,45417.78236704019
6096,42508.74284943519
6097,62788.22815703235
6098,61930.63206043409
6099,41282.179134833204
6100,64612.44587818662
6101,54582.08029368849
6102,69997.67439183139
6103,46152.98914297079
6104,49443.95236614381
6105,67910.8511485937
6106,66741.46912747974
6107,47785.94644562035
6108,48751.551349527595
6109,54102.98232161315
6110,44466.73384493044
6111,67566.04579327694
6112,64117.24721998524
6113,55335.16020621884
6114,51095.47811970396
6115,72159.4066989526
6116,72226.06198440141
6117,43318.836407848496
6118,43459.231781351446
6119,51805.2235607671
6120,61060.838051846
6121,58010.70420513126
6122,59177.576705270054
6123,79731.9793786508
6124,69967.70056746717
6125,50015.43153055349
6126,68484.34373290722
6127,65379.887492194524
6128,74808.12730234429
6129,42621.749651515805
6130,65693.95779228261
6131,37033.519299512795
6132,44438.44100813798
6133,47846.81196727887
6134,48593.81158788608
6135,56371.503713507846
6136,55758.94328861907
6137,60283.412703681824
6138,67489.1339592981
6139,64319.628667037076
6140,53622.810565483494
6141,50855.58166872915
6142,69430.7564091123
6143,49967.989983396576
6144,74333.50170935692
6145,51322.4192193194
6146,62115.94255542196
6147,54230.86479158524
6148,51654.860835788175
6149,50435.595174357375
6150,66519.91216655601
6151,73043.69461646523
6152,45079.44777641269
6153,56369.11663570212
6154,47884.31783455875
6155,58070.32277792786
6156,45727.28153950147
6157,56279.779484771854
6158,77593.4086769988
6159,56736.25776149746
6160,48449.910071492326
6161,48591.71623625193
6162,44099.23217595266
6163,73158.83013933277
6164,60380.82538635847
6165,35384.20965594731
6166,72948.65626602198
6167,71757.27338092503
6168,69809.95771333764
6169,48297.65733362085
6170,44694.558267258624
6171,58472.91561843148
6172,62586.111402729024
6173,48080.101666742165
6174,48757.59898437345
6175,77135.98154346937
6176,64015.1274778929
6177,59709.7527306718
6178,53170.8034774972
6179,57197.779246535094
6180,53778.37540917525
6181,47681.73580316924
6182,57117.209216259376
6183,52365.53905082718
6184,49638.41220074151
6185,50226.31058750542
6186,76197.34147915198
6187,60352.24003010976
6188,50048.524796321355
6189,76834.2293225052
6190,59641.724573523905
6191,50930.32147151692
6192,65136.18858601458
6193,63535.05247474463
6194,50008.64136458698
6195,55924.94953470276
6196,65068.62328646794
6197,66221.50645758981
6198,60614.19098254541
6199,55449.07092514757
6200,49942.6028741547
6201,92626.42169971777
6202,68153.8561451998
6203,50832.51441199178
6204,43083.80858668102
6205,65763.90857920506
6206,48443.80298798299
6207,63666.826541643764
6208,70377.34092624433
6209,71316.53641188392
6210,54802.879272392165
6211,55670.25393276979
6212,56966.594886112835
6213,52254.260875840766
6214,40040.35695741623
6215,59917.21013011634
6216,50194.67355604147
6217,42042.240945199635
6218,44161.27078539334
6219,58841.24900424205
6220,52887.03540082752
6221,78295.58912464442
6222,65551.56743939804
6223,46701.841885837326
6224,46647.818419429575
6225,40894.93525750729
6226,52036.54976852931
6227,66852.1486914986
6228,47032.97668267209
6229,55617.45764238899
6230,45193.959420619314
6231,40813.048460094884
6232,52177.278754908984
6233,55070.95007269983
6234,55520.10617573191
6235,51661.8676496063
6236,53218.125486468496
6237,55235.65731278273
6238,52068.443404625265
6239,55718.07558856779
6240,40503.314935142684
6241,68786.27384972578
6242,60866.86466200537
6243,62663.071287139384
6244,58250.17214857767
6245,53778.99978225422
6246,57508.57625982173
6247,59630.70158641116
6248,58261.37745038721
6249,67778.52462410176
6250,62659.12714135696
6251,66439.3876223734
6252,48363.384999100235
6253,56782.289440661385
6254,53459.57664880133
6255,50970.605659040244
6256,38898.07268281167
6257,49476.86818749574
6258,52830.58807687488
6259,55954.800554201276
6260,48195.91109504738
6261,61805.36610297717
6262,52320.778073812224
6263,58028.20650574183
6264,74771.93209756508
6265,49595.49667705408
6266,61540.388854035074
6267,55411.37808541262
6268,45239.20410727763
6269,63715.59182191645
6270,45097.31933064988
6271,41470.443068086926
6272,57108.19229381379
6273,67068.44673871796
6274,54545.864979394275
6275,67776.64974306547
6276,73541.14202711405
6277,62784.80887884734
6278,63074.94035861562
6279,72189.04436479734
6280,46347.881393077885
6281,58825.6148633838
6282,53604.157929788475
6283,73298.05094746292
6284,55627.53205709838
6285,59054.51613619114
6286,68515.839650992
6287,46120.23349517773
6288,69469.71740530878
6289,60751.27702362883
6290,67364.60235413864
6291,55699.70828611288
6292,61806.63456373178
6293,46799.38237306613
6294,50800.20501731414
6295,45925.33816635531
6296,50784.19930705108
6297,57570.300670641074
6298,51085.59290194096
6299,61823.67413553139
6300,58627.49204812843
6301,89150.08311287117
6302,60785.78355504546
6303,49382.10803295568
6304,60702.04318621031
6305,66224.04650632755
6306,64450.44862200773
6307,47358.9649646254
6308,67920.76873059913
6309,64419.8551248457
6310,47122.75444777138
6311,58590.61080207566
6312,46695.28405622626
6313,62894.32480055451
6314,53386.90758243841
6315,69671.56844595655
6316,57720.2185715696
6317,41004.99833434958
6318,56750.95578472281
6319,71577.31033657923
6320,76021.51956601231
6321,63185.09283089637
6322,49191.53860708894
6323,44571.24232027968
6324,58022.96349379985
6325,66076.80847915595
6326,49229.63315543867
6327,84493.7903631784
6328,64404.69228481675
6329,70743.6707795118
6330,67437.91370176924
6331,52622.850854879434
6332,66081.61040289115
6333,61706.936787364255
6334,60746.44287130123
6335,41193.609137938176
6336,58099.34703689239
6337,62753.601490136265
6338,54173.01747954215
6339,61050.21482772359
6340,53681.33255496874
6341,61830.59085578897
6342,64137.61755298628
6343,73487.62850421906
6344,51963.93000237937
6345,43348.56428402421
6346,26644.629857851083
6347,56898.6077796932
6348,59824.873843357585
6349,72300.23021483426
6350,57191.417871627746
6351,60361.11032528039
6352,49161.94124263101
6353,69947.85403957908
6354,48863.261311893846
6355,54802.04121375145
6356,46386.07987652875
6357,71936.33589927366
6358,73971.36012429131
6359,63521.448256078475
6360,42370.062574480435
6361,50536.05534906717
6362,63230.16449581782
6363,63397.11906783727
6364,52949.864533879285
6365,63785.956904891915
6366,74951.07453239098
6367,75519.002790487
6368,51629.61522388596
6369,77825.65612081908
6370,50806.6573096722
6371,63641.92129263467
6372,60018.50109155319
6373,59580.28235725177
6374,50981.747367860175
6375,51402.21670814281
6376,58434.931089198115
6377,62411.873725091486
6378,45264.69511525834
6379,43475.64259039573
6380,46658.38646789138
6381,53372.414140094515
6382,58815.220553526146
6383,64454.51721564216
6384,60899.48984373268
6385,51569.67425275892
6386,56064.9620499168
6387,47112.39799066174
6388,54414.73341820102
6389,59751.6342426595
6390,51836.408863860794
6391,55888.684887376105
6392,47503.48858160247
6393,49047.603609388265
6394,50973.21093183975
6395,54324.50572345464
6396,45136.56285800353
6397,49881.80203052834
6398,48771.39671533799
6399,65363.75656097548
6400,52844.281467062196
6401,56468.19439992544
6402,40254.029641720015
6403,54096.62430772225
6404,54689.48946180789
6405,80412.24679227828
6406,61093.14221167459
6407,87824.62937579642
6408,41959.29204502469
6409,59568.830019288274
6410,51564.50860517892
6411,46659.13610580207
6412,70016.853898768
6413,50800.52347101628
6414,53755.8913078631
6415,47733.877551149264
6416,68946.41092185274
6417,54647.17244632016
6418,57849.179185409615
6419,60392.01926383061
6420,64302.8761491379
6421,81683.71447909762
6422,52682.76319138051
6423,54311.98155219754
6424,48905.64552190926
6425,53550.875511569975
6426,55123.215632259235
6427,81061.97112593308
6428,74970.46786772177
6429,50871.2769649694
6430,55007.0058279608
6431,68595.93375537955
6432,62465.8595678945
6433,49970.30949793691
6434,58415.65066312493
6435,74890.4545173811
6436,50616.39461349575
6437,76517.20126225044
6438,64379.5394880765
6439,51975.392826941046
6440,47727.15401766544
6441,47767.10232123044
6442,54427.38596918067
6443,51571.39721317318
6444,57744.954302554484
6445,41389.54852575299
6446,54660.21816752394
6447,76942.91502299813
6448,63630.5660329212
6449,58516.85170535814
6450,58471.743103100336
6451,60633.44785294198
6452,45561.6703878238
6453,46588.826887954085
6454,52974.238821160456
6455,64068.23566008213
6456,62238.1841926293
6457,71647.72827665614
6458,43934.19394967405
6459,57664.00609731387
6460,54990.911529152676
6461,81380.14567118885
6462,60697.488981426606
6463,46206.13179600747
6464,66362.5413742046
6465,74693.82766226375
6466,61220.01961836648
6467,46301.806325924175
6468,51125.84205690265
6469,63176.13010176544
6470,78983.81996981142
6471,48536.710432037
6472,41418.60585264364
6473,57401.956361631936
6474,61844.14495556367
6475,59179.72171590614
6476,55432.9093940087
6477,56507.64906713129
6478,61733.94362398444
6479,57670.14506548721
6480,54425.13109173308
6481,62361.49051805301
6482,43626.44689184971
6483,51285.797608037086
6484,54768.61192868178
6485,50416.238421733964
6486,42357.55225151413
6487,55150.85109032343
6488,65710.54145517625
6489,41085.97783254496
6490,57876.77230864826
6491,83700.49535394699
6492,42387.38662610726
6493,64982.678128990214
6494,50148.84250839189
6495,83630.78903913975
6496,51089.02897059293
6497,51716.748836756684
6498,51097.19058380896
6499,74038.30847850264
6500,67817.00874804851
6501,57910.23543667744
6502,42978.522119304165
6503,48511.71950507692
6504,59960.20222782863
6505,89607.24709403509
6506,45152.424664283906
6507,45767.2273716148
6508,64806.82709993677
6509,43301.759131602965
6510,74068.02119247668
6511,64396.73103466919
6512,44284.72334378203
6513,60876.61020100039
6514,56686.445963192135
6515,42333.80834660464
6516,59143.290683039806
6517,57289.83772586498
6518,56057.829492630175
6519,56568.091639739694
6520,65142.68766305465
6521,62658.95076198125
6522,57191.80477141026
6523,51470.62874512486
6524,48728.80812494418
6525,68686.80744475368
6526,63089.460337283774
6527,52266.46106895613
6528,59739.9423185612
6529,45941.70928628784
6530,60509.12138748962
6531,59791.339094856565
6532,51838.6717600135
6533,58947.47687122396
6534,58979.5992934587
6535,56523.726986052956
6536,74304.90494432829
6537,67997.20121229564
6538,68625.04364749159
6539,49655.629436322524
6540,46350.47454176005
6541,46862.75683984988
6542,61022.89671445698
6543,50070.92957044181
6544,55474.92249110127
6545,57394.17514952896
6546,52104.05619740598
6547,60385.939250083386
6548,60143.235676042284
6549,57240.74952262566
6550,47464.18415655966
6551,53399.64879042911
6552,57938.172912786446
6553,50160.89710605467
6554,74883.46258776917
6555,64478.85850995061
6556,51160.788070998155
6557,47017.35801384993
6558,55362.06618927224
6559,43638.95349361089
6560,52526.38011355268
6561,69369.70304714939
6562,73590.00508448965
6563,60130.89624476721
6564,46740.785732811055
6565,61322.74818145863
6566,53391.3566202647
6567,55220.018887427366
6568,64534.14984291456
6569,74686.55905357246
6570,44962.32092959359
6571,49711.472143366045
6572,58184.86259443794
6573,59591.942355867126
6574,47878.74937126078
6575,69459.97084090572
6576,46274.113781287226
6577,52150.20290250798
6578,63753.729432310705
6579,34255.40735271421
6580,55353.76283913942
6581,86297.09953108519
6582,57474.4042747304
6583,60173.34010487405
6584,59626.968146083884
6585,58296.17327548043
6586,53932.828308761804
6587,39142.39609873721
6588,52154.61551038173
6589,45373.50507086133
6590,55383.568676620445
6591,68990.25308388959
6592,65495.53361447036
6593,53526.51765376908
6594,43813.28248151893
6595,42970.63948638428
6596,67685.07854637764
6597,48153.84348774447
6598,72431.06919419975
6599,66629.78112148138
6600,53538.79600277783
6601,61025.799733119115
6602,52229.27532724623
6603,53272.93854958987
6604,46245.06756144991
6605,56648.55629828073
6606,64233.840316035974
6607,63304.10710864994
6608,56597.655638501354
6609,63285.8193011279
6610,53666.79663453767
6611,53885.88059386332
6612,38358.44794908905
6613,60300.16263762209
6614,77977.8722825517
6615,60847.36284557339
6616,33074.038359055936
6617,50725.95794127657
6618,47177.74660980111
6619,60340.92691858611
6620,63707.14802523917
6621,48188.26490467023
6622,61498.46340177345
6623,70982.69708550278
6624,53723.168263897656
6625,60068.38694930321
6626,52541.58680663441
6627,48620.32552117194
6628,62741.86028890155
6629,61547.83206232787
6630,45182.984640353694
6631,46318.95151266759
6632,47149.21791166094
6633,44527.922572023024
6634,56095.01788525877
6635,74965.17365126369
6636,62051.826988427194
6637,45674.95685641353
6638,47977.87204937421
6639,63042.933223225875
6640,67538.56009730045
6641,58980.93371489781
6642,44343.13378684438
6643,45773.280956294846
6644,47149.26138262321
6645,66148.6396153494
6646,51196.17957554842
6647,47242.84278452616
6648,42768.818319169244
6649,69192.96415093486
6650,53462.453165751926
6651,46981.15395714107
6652,52422.50447195401
6653,62835.64672102538
6654,51879.07334418427
6655,64046.71743549715
6656,51428.620138944105
6657,60491.9582442839
6658,44485.16161315024
6659,48690.72867106187
6660,53645.636458635716
6661,53267.76976036547
6662,54437.274390674625
6663,50602.706323765036
6664,62515.88646499257
6665,69434.21140058596
6666,53522.953678370875
6667,58021.83291611173
6668,51054.787826675005
6669,52311.73835537834
6670,56876.36390117031
6671,71708.16191196641
6672,47545.23575312171
6673,48334.76467707812
6674,65692.04329879426
6675,56351.37632318612
6676,63408.816048466746
6677,50429.61214740239
6678,45319.06375197466
6679,63556.92519253077
6680,65241.950516342695
6681,51023.57456268851
6682,70471.6401473085
6683,48226.114943494606
6684,63024.086528950786
6685,39427.25297841402
6686,41204.07455959445
6687,63954.81232230361
6688,56593.190301605326
6689,46272.498252835954
6690,53747.52993933146
6691,60311.01769961902
6692,53303.67894025841
6693,66506.67643162642
6694,87495.82846646539
6695,43664.955527744576
6696,52930.9687802616
6697,59137.7012158455
6698,62699.51421448981
6699,53253.4678481664
6700,54130.99226098347
6701,66383.10706365717
6702,58279.65029486512
6703,71289.52514441338
6704,97919.28172488944
6705,49417.52374922791
6706,51986.357845293765
6707,66435.57603339426
6708,67452.29130453974
6709,73105.59929148246
6710,50203.309665424626
6711,68269.58158262837
6712,73515.18059838416
6713,42133.02338632117
6714,44964.98304210778
6715,44672.27539736501
6716,71451.50192402182
6717,60363.61364099346
6718,51774.041217731225
6719,52272.049193732106
6720,47251.863244666456
6721,63941.48305427773
6722,50486.62214455067
6723,54223.040839186855
6724,66081.1091051003
6725,51372.50854801894
6726,72119.959237786
6727,45812.49189642458
6728,69568.4337427986
6729,50865.94379944732
6730,39686.199131329726
6731,47329.9972888001
6732,43070.431178675164
6733,53508.509276164674
6734,62755.098561868224
6735,48216.02433571738
6736,50652.55475772767
6737,50263.898366114525
6738,55975.84692646652
6739,67346.80591104683
6740,55482.83014392485
6741,45898.42701123818
6742,68515.74838997262
6743,44902.78748975379
6744,50723.63563732004
6745,66895.3603507856
6746,50885.205070542506
6747,60058.12528020924
6748,62026.76777291706
6749,54496.86975425024
6750,58960.263881976796
6751,61788.65176726827
6752,59645.37959361572
6753,67028.22583856371
6754,65488.145427666925
6755,52163.98970471028
6756,61853.124311771964
6757,56640.05114786888
6758,56707.04850019705
6759,42583.34697961655
6760,58845.96523438874
6761,61326.8165297296
6762,68229.75961692525
6763,65982.74982610907
6764,64820.99509518278
6765,70576.0315260797
6766,55756.28625426858
6767,57477.4566855895
6768,53211.33827054182
6769,52835.12836219043
6770,49045.34196569155
6771,56128.118869832135
6772,45870.12190090922
6773,74415.67702506403
6774,50279.25626940562
6775,57122.05893947167
6776,58719.720667003625
6777,50126.0313963609
6778,55717.23441735424
6779,64550.699580040426
6780,60100.721062790675
6781,55729.435974056185
6782,48464.81703764441
6783,53314.92326400391
6784,66880.14073037516
6785,56671.06687736156
6786,70267.3585457386
6787,69832.24279121535
6788,68837.8484099496
6789,59960.15047588148
6790,50547.980808966844
6791,65792.73714435527
6792,66874.55592190499
6793,57881.81847456779
6794,59872.987487621045
6795,62561.34821373274
6796,78344.64065134809
6797,68571.04056556021
6798,87227.65249299111
6799,58297.991923594425
6800,61481.71016589829
6801,51690.85067736402
6802,79148.19562155605
6803,57563.54024194512
6804,40785.76388546627
6805,76730.40392868519
6806,61012.04805086807
6807,61575.47847304907
6808,51243.24798199216
6809,49434.55913970074
6810,40210.3208838566
6811,44821.55493943586
6812,40262.15463621242
6813,57348.549719985764
6814,83690.58044110169
6815,57724.09121007208
6816,60743.65390394334
6817,51541.032167125835
6818,56945.175100108645
6819,58741.0268666434
6820,59002.56513119038
6821,57696.463088694894
6822,47988.32185395511
6823,67854.54097205793
6824,61581.62004547402
6825,65528.14447479647
6826,40671.5027912844
6827,49593.872141447784
6828,42907.724500243115
6829,47608.29219932854
6830,67481.3405355124
6831,67941.84707448303
6832,62330.06265464166
6833,42585.92234274662
6834,51218.12375744808
6835,50020.45978336391
6836,49899.87097187735
6837,50835.86457816938
6838,57235.71630443
6839,56479.84334446921
6840,73707.16647958987
6841,47886.150653130324
6842,46012.84277769564
6843,48159.32770485835
6844,54152.769004544076
6845,62768.01231877982
6846,53810.37578150691
6847,50939.6820075814
6848,63062.344732738384
6849,69133.09232729777
6850,67230.2353004318
6851,83560.78848591837
6852,53952.00969101711
6853,55170.1381880448
6854,67519.92115767911
6855,65716.43145262403
6856,57450.83921219816
6857,40695.53090100535
6858,57220.12131209431
6859,38018.770368287514
6860,47602.09223261643
6861,56037.782901823615
6862,60032.849357947685
6863,59714.728031436425
6864,50852.675656073145
6865,67695.16578550688
6866,65506.75519555299
6867,68543.9326098649
6868,47095.59738021631
6869,41945.92910257951
6870,44912.99654487719
6871,64248.08975220937
6872,68265.2777317419
6873,64044.44943943004
6874,59908.63517132299
6875,63462.66632957278
6876,73105.93838075313
6877,58806.850559416525
6878,69908.75787589283
6879,67567.68147215988
6880,64821.812560373815
6881,44233.561424024585
6882,57928.69365509274
6883,66413.86497972082
6884,47540.43937690099
6885,65659.13286030908
6886,67493.05152864644
6887,40459.08159868063
6888,79729.09422444527
6889,50171.60171679571
6890,62841.14215140163
6891,60157.774317806114
6892,56956.928298768704
6893,62159.76422876943
6894,47760.811035268256
6895,71426.09324509023
6896,53100.66583950908
6897,54184.628232515155
6898,54350.562370255684
6899,60123.446300679265
6900,44571.518264907194
6901,48918.429132383404
6902,49294.38058561365
6903,54232.13441162441
6904,55287.93099866786
6905,69882.13466730746
6906,72708.42306211618
6907,60703.47005486002
6908,63230.93586941923
6909,49584.187340786084
6910,55431.96468341161
6911,60545.35326814414
6912,82665.10494254547
6913,63425.665701859245
6914,43518.83469390941
6915,39410.121296358346
6916,53733.658735692894
6917,53703.5237105719
6918,54793.19240834564
6919,71388.82079706954
6920,51733.62128260901
6921,58346.97159312151
6922,52706.823005095626
6923,59476.803583016124
6924,79766.00063932703
6925,69527.94839416581
6926,66290.93387998528
6927,62682.18487652544
6928,48866.990201579094
6929,58208.3824093482
6930,61313.086372871694
6931,46548.66957860895
6932,53362.382938646304
6933,57588.4248915847
6934,70138.77951700815
6935,46475.76422617465
6936,72007.72442631768
6937,59444.287577892996
6938,48506.40924867125
6939,49135.531510273446
6940,57859.73382429806
6941,45747.572678575205
6942,52012.975626567124
6943,53947.58377346246
6944,60495.85235819005
6945,73793.20551843333
6946,59814.59118356726
6947,39582.99872545673
6948,50844.27305607821
6949,58279.01817932538
6950,72683.36699271158
6951,60509.546404986766
6952,46282.06537030106
6953,58378.109922931886
6954,54621.59173647495
6955,70068.35269897763
6956,49889.52163813574
6957,59388.526738639936
6958,85991.54383353327
6959,62918.11190809178
6960,57019.21236754666
6961,55292.85775948117
6962,57781.60856774745
6963,62546.25451456368
6964,73831.05088223121
6965,48457.47216817025
6966,43010.90960581954
6967,62930.7629978561
6968,77172.74198003174
6969,54181.01218318371
6970,72435.87503302681
6971,50477.904067375166
6972,47865.757939534975
6973,62057.24043800498
6974,65042.381732884714
6975,62904.4633162443
6976,59389.792725881554
6977,58432.74354785069
6978,40893.98533010572
6979,70156.2294191183
6980,67616.8640317865
6981,37468.93527764859
6982,49787.09776470118
6983,70962.83575204344
6984,68362.9626114915
6985,45854.12923482547
6986,35049.97847320017
6987,59289.13651012397
6988,48707.259836712394
6989,56104.18254461763
6990,42888.18075879163
6991,62438.84358505718
6992,70823.20382968779
6993,60903.84167031247
6994,61655.27185898015
6995,70899.3500248873
6996,60790.18539568378
6997,49999.52738234695
6998,38132.37901741449
6999,61154.40314163443
7000,53018.32519609485
7001,50542.1783269029
7002,72148.36270721296
7003,85963.57026124542
7004,53014.706371344044
7005,53087.35887339898
7006,42935.06139198002
7007,52242.38041889949
7008,57935.926740233575
7009,63457.15922385727
7010,48423.81769625802
7011,44467.30099383704
7012,54037.82190455005
7013,72946.02522161849
7014,87861.14354217867
7015,73458.3252107153
7016,56103.96023192286
7017,52412.15266508269
7018,44134.389026744655
7019,54752.92376577297
7020,51243.10826571492
7021,60715.30268836175
7022,56573.27497101204
7023,44203.48996614444
7024,65540.6705316217
7025,59339.404810097316
7026,68208.35322848118
7027,44337.34638520055
7028,69093.19115685164
7029,79821.67163840072
7030,63063.29926591067
7031,58229.041644611825
7032,59761.4030147063
7033,57457.220995759584
7034,50737.031966815404
7035,64934.64449492293
7036,48107.88237282794
7037,49135.111380262744
7038,78358.92180754642
7039,73560.39090408008
7040,47992.0516762568
7041,46835.342833697505
7042,44763.401848189606
7043,80932.4688206774
7044,71491.03371094757
7045,43116.2863827865
7046,61671.92121820814
7047,51097.27016232291
7048,58500.56341753993
7049,61725.22909235403
7050,64645.97886304502
7051,84751.65844202552
7052,41681.42115864054
7053,50803.93531836673
7054,62400.87686080026
7055,69345.71074449009
7056,55018.927910767925
7057,34902.998226006486
7058,47518.223820303356
7059,60596.409219263805
7060,55065.45391951513
7061,51664.161247418175
7062,54995.44963950681
7063,55399.58532756325
7064,62064.690703971966
7065,49745.738949791135
7066,63425.6986635736
7067,53151.74687924345
7068,59434.75931113078
7069,55641.803848871896
7070,55986.91696055338
7071,46638.50538416809
7072,53585.97826394979
7073,59397.8310666797
7074,50193.482940756054
7075,45631.912368826495
7076,54665.09791711448
7077,55026.376259554134
7078,54561.51510537745
7079,73062.1885175167
7080,50201.960729262086
7081,48647.0658435451
7082,52514.49415763346
7083,52035.85223558327
7084,37316.97239348743
7085,55587.3607743117
7086,52388.51925348333
7087,45387.3063688076
7088,54521.41701948216
7089,54594.561851845225
7090,56032.79970595847
7091,45523.622841743025
7092,56433.66193470839
7093,68831.55966075716
7094,55209.9402894636
7095,63634.54360853309
7096,60000.46339393036
7097,52638.90632128814
7098,42811.13130515661
7099,57233.29981037456
7100,58324.066470001366
7101,51343.80030215383
7102,36336.43002258169
7103,58254.3881039284
7104,62324.564362520985
7105,66476.09662488055
7106,43671.146673504096
7107,51004.04401041895
7108,61487.65185941249
7109,54780.786128998516
7110,38921.71663622265
7111,54171.516863426616
7112,31851.013988125615
7113,98282.0589190001
7114,57117.4876537506
7115,52974.86983164603
7116,56809.36232203707
7117,47349.87167529619
7118,69704.61822698564
7119,47253.400018786655
7120,48068.55513939932
7121,64719.0990737607
7122,63840.70961377051
7123,58808.538993070426
7124,54944.36435965978
7125,66195.18526978018
7126,53622.666889716995
7127,61254.713764660904
7128,54708.901185922274
7129,38519.92942922948
7130,58782.40600001074
7131,54011.29007822777
7132,48332.08773092147
7133,57185.88050806582
7134,52298.10026933427
7135,47378.86565691272
7136,52519.770196588324
7137,39147.09238459171
7138,62294.9734201905
7139,44908.825586327235
7140,72286.2517567586
7141,53836.9118442035
7142,52431.869508486794
7143,45789.22135950808
7144,56769.38809564481
7145,52140.98827213563
7146,38133.05447884711
7147,53545.333258486324
7148,70371.04865212642
7149,53199.669805007055
7150,54213.12117276027
7151,77326.38119624561
7152,54790.73788319849
7153,60130.85978744875
7154,54660.40061918715
7155,46131.94542380263
7156,62075.68857404145
7157,61091.64779169188
7158,48507.01145548143
7159,47666.90476102061
7160,48958.68887636503
7161,49071.851285439494
7162,60265.358351698174
7163,63520.97182519428
7164,67380.97466006034
7165,43582.920947992585
7166,49277.48390822884
7167,67495.72088147349
7168,58769.66487440125
7169,61308.89765621653
7170,48068.62223908087
7171,41212.275136494995
7172,55592.922324411506
7173,71185.90254044597
7174,63262.827131005426
7175,54185.76540195731
7176,69317.53034496572
7177,60912.38963110727
7178,63717.64092856925
7179,57804.094733756196
7180,53223.19671419566
7181,48391.89644284078
7182,55645.845050095966
7183,57339.07480876327
7184,70779.07183463367
7185,53989.984872752015
7186,62260.25766581791
7187,56000.22167136155
7188,54394.950711644604
7189,50620.205816805574
7190,50891.39260326144
7191,56116.858406485844
7192,50938.539219636405
7193,52521.67529141296
7194,50721.68932458455
7195,58780.51374700325
7196,83702.7333608375
7197,42088.31718317117
7198,47326.985225832475
7199,53148.64282109465
7200,49258.97648691108
7201,56310.466896859325
7202,63733.92481801219
7203,45538.22911628794
7204,56949.78877070708
7205,51373.3857305559
7206,43155.48893032466
7207,59950.100429000275
7208,71537.18944075548
7209,80961.54441838725
7210,61990.32525978565
7211,75601.06609226589
7212,49286.19099899921
7213,55830.347849267426
7214,49361.02200673159
7215,45511.85346421694
7216,65270.597184325816
7217,47830.648206196594
7218,44286.175743902146
7219,61722.53783622436
7220,61396.63387411792
7221,75213.22765240478
7222,58088.630617318646
7223,72461.86952474731
7224,52120.03208069468
7225,45008.93695151809
7226,56234.029306018165
7227,64495.63731312805
7228,41754.6401152631
7229,66333.53171995602
7230,56272.17483468682
7231,50421.90998607597
7232,77260.362592928
7233,76455.74878999252
7234,75959.73227173366
7235,66189.10057237284
7236,52444.73057560779
7237,64048.89703608011
7238,50332.014010009705
7239,59291.66841797512
7240,53239.37648545093
7241,73098.07158761496
7242,49986.278121369185
7243,49096.596064818936
7244,58353.362711128895
7245,69345.14622361692
7246,67389.67384495412
7247,57423.38633127282
7248,61043.111266190994
7249,65012.4394984477
7250,45030.71808854861
7251,75998.72231700356
7252,46785.05443730754
7253,73724.50275716768
7254,74443.8330428094
7255,57281.618256703136
7256,71789.47060717767
7257,51844.04093738802
7258,56925.666525178276
7259,63297.054589494786
7260,57864.71049830897
7261,69731.8290737004
7262,54128.90259291451
7263,46532.22841776376
7264,65655.51121032264
7265,54168.05565292694
7266,46813.11098067969
7267,58297.02345960069
7268,59277.46516032745
7269,60661.63227769336
7270,58678.11048190266
7271,61273.09588579023
7272,40293.03672032539
7273,57431.076515972236
7274,41672.03227575619
7275,74686.18511973886
7276,55197.988608056694
7277,67278.11222138857
7278,69272.27381732232
7279,51599.380443317634
7280,52684.721619670425
7281,69249.97597142262
7282,47816.32052353276
7283,66693.82466267134
7284,82407.66988777115
7285,48168.59250931631
7286,51262.763162422576
7287,54607.53733215234
7288,61130.842023886435
7289,66569.79369483811
7290,51678.96653813453
7291,63834.402827640515
7292,70339.04526349044
7293,53977.79478674309
7294,69694.47141904187
7295,57142.35495635922
7296,52809.38962651908
7297,70667.86958359885
7298,45366.04964763074
7299,52835.22601696176
7300,71437.08432520037
7301,49738.69859853754
7302,55308.83936464181
7303,60003.45243584691
7304,52402.99618663863
7305,45724.62986811577
7306,52803.33301264109
7307,60112.14344879785
7308,50701.739173693364
7309,73650.20045137046
7310,40219.151339775824
7311,71354.07659361327
7312,55268.51396667621
7313,54021.30390012668
7314,75063.9258952042
7315,75013.5916696971
7316,42748.33698125882
7317,53356.813385540634
7318,52458.31120742387
7319,54468.114232665364
7320,61769.21651351772
7321,47314.81740282969
7322,60548.54880729549
7323,58663.30380491995
7324,56010.239971174844
7325,50422.08624014491
7326,48406.452119100766
7327,58399.7374457491
7328,66096.49878810912
7329,57232.02063618145
7330,60243.87405280085
7331,75276.55388144747
7332,61060.48419450581
7333,55084.50885409376
7334,58985.34169618057
7335,68249.51738896969
7336,72912.91320374372
7337,50244.3675036274
7338,72335.15259631777
7339,68238.3705538047
7340,64613.08534200266
7341,77630.12293280353
7342,50713.97286770173
7343,54045.97895062662
7344,37691.918839698585
7345,55415.8531992222
7346,54512.120970377866
7347,53051.96327334436
7348,62025.81405825273
7349,51802.9293938002
7350,58365.68498640159
7351,57821.30753537904
7352,64236.80598600779
7353,56974.73607616744
7354,71574.7329775782
7355,50151.297217051906
7356,50589.27457450326
7357,64338.11626895033
7358,51268.19473789961
7359,55227.30782545053
7360,55027.34977450458
7361,57402.4825103136
7362,76602.65731895265
7363,65617.00502868163
7364,88765.65131820942
7365,51738.22764047215
7366,62233.36927783229
7367,45234.40830075236
7368,52785.736220535815
7369,68066.91915582452
7370,69098.22858220889
7371,63532.66561181744
7372,50227.22741567527
7373,51311.87093406727
7374,43269.20409540223
7375,55155.8043688517
7376,48123.70074936328
7377,41543.45372283097
7378,55797.177965032286
7379,64233.48198232797
7380,60926.39029471462
7381,55975.02349641789
7382,64148.15908987194
7383,51095.07164771493
7384,53187.11249755303
7385,44851.01338683976
7386,61278.739097428836
7387,65057.634039484794
7388,67064.863266815
7389,55048.03617444332
7390,50795.16350676511
7391,60192.16203078925
7392,49112.371128946055
7393,56340.26121613505
7394,41583.62028902484
7395,66950.95107246927
7396,60040.270790578754
7397,66986.71564129103
7398,63703.602699413845
7399,72935.21892873223
7400,52478.87684588538
7401,42271.06956265362
7402,51752.748079930425
7403,85605.17707303054
7404,59440.96411091557
7405,65520.26680472592
7406,49574.45052493461
7407,60068.41952686689
7408,37775.541610707005
7409,73612.74782544734
7410,63390.05214443341
7411,41832.65962555448
7412,61745.37357560148
7413,68703.2070199293
7414,68725.93399843937
7415,85887.34625624013
7416,60253.13720614883
7417,41027.29089324049
7418,70385.38059490998
7419,57218.81049593064
7420,44128.39534595746
7421,58179.985129388355
7422,66887.81356918476
7423,51776.61912854145
7424,64328.00504230285
7425,73589.60139597546
7426,57660.51609733633
7427,68513.27993860155
7428,55521.27529025514
7429,45003.95422786955
7430,41999.618471033114
7431,53134.6596040403
7432,57654.053025702626
7433,56561.733646050714
7434,73945.35640882135
7435,57827.93795760915
7436,44064.63254620871
7437,78320.14657964824
7438,43704.75090150041
7439,62592.923886385346
7440,89687.37478460385
7441,60818.6718602461
7442,45040.86050506664
7443,64734.948435941296
7444,54322.029794512375
7445,59054.55894333199
7446,53243.07680496284
7447,70580.2529769165
7448,47394.72044390287
7449,49161.92449328958
7450,40890.819506059655
7451,76377.63894906358
7452,47118.282562202716
7453,52362.2581887652
7454,62142.618640386674
7455,60369.920384817575
7456,58485.500932303694
7457,35767.38150324882
7458,58059.68234725701
7459,46824.02438488898
7460,55606.351768350505
7461,45488.18766244669
7462,67862.88661569147
7463,38792.990153245046
7464,46209.66817052221
7465,42588.492085529375
7466,56937.703512392545
7467,50566.508087610186
7468,62817.270182635584
7469,51714.95129789204
7470,45089.91821921951
7471,45701.87916708427
7472,70609.95085876864
7473,68668.39878000248
7474,83009.90953209969
7475,59510.0305012275
7476,84272.16488589095
7477,75015.1887599126
7478,60747.45893710474
7479,41652.6078799021
7480,79577.0494096236
7481,52229.07545478671
7482,54514.49998468222
7483,59070.99496229021
7484,43856.09792635414
7485,57687.30194245485
7486,36224.21005584942
7487,60566.541464331705
7488,42007.22779709857
7489,66487.4704311641
7490,53067.14503297972
7491,63614.96259510927
7492,51976.66245565382
7493,54918.58692578387
7494,58693.56577723918
7495,67277.0320459578
7496,47821.826972699404
7497,45133.99817110638
7498,44282.632557599885
7499,58857.44549235376
7500,56519.81281847974
7501,83420.82530961561
7502,66889.46460892871
7503,63244.61712878151
7504,53700.739505875375
7505,58636.06469771094
7506,51165.31774852973
7507,49320.626686408854
7508,69845.05571348366
7509,41730.965259525765
7510,53270.80777457147
7511,59386.673009391656
7512,59319.26316002643
7513,69263.29543837403
7514,52914.7476767477
7515,44128.19512514179
7516,41134.78685502252
7517,46565.27109515204
7518,58915.57606546077
7519,57638.41664047217
7520,72259.64176928924
7521,62088.63427473878
7522,71529.98042806298
7523,63176.242558347076
7524,51553.52286424348
7525,50551.4990286888
7526,47004.810956687565
7527,60464.85726234064
7528,60627.42064201473
7529,55523.74068376624
7530,48793.8391124396
7531,39291.71440144278
7532,48447.91280686353
7533,58882.609068976686
7534,63344.916714926694
7535,52745.81060849971
7536,48892.479403050806
7537,70649.09513835426
7538,52575.93544337022
7539,51785.37434651322
7540,60524.03483866825
7541,47299.40274862781
7542,48857.671940956614
7543,69207.13097249686
7544,36030.4218514443
7545,70674.37498613085
7546,55598.16413258396
7547,61021.82703833736
7548,61621.585786571966
7549,62637.53299777536
7550,82896.43349030311
7551,62255.8082625123
7552,76511.35696714159
7553,68097.63246936764
7554,43465.67139933018
7555,59158.45288349251
7556,74370.48819353055
7557,64724.44633748704
7558,50647.70088766138
7559,67617.20205544823
7560,56499.735677270866
7561,58250.528335870156
7562,62249.88405681546
7563,75173.2185155672
7564,65571.92088705224
7565,50027.521857204236
7566,55611.73184270233
7567,53000.48240354831
7568,55035.94496762983
7569,50914.30790217323
7570,54975.327286501044
7571,43240.01347502669
7572,63351.88342988568
7573,66630.97695451861
7574,56513.34401794542
7575,45663.3776484045
7576,62182.761935082475
7577,65042.74083640984
7578,55332.18543302761
7579,37637.041642882745
7580,59857.78439650656
7581,44873.002271296755
7582,61170.67689251921
7583,43718.575297915035
7584,56582.689658950745
7585,48322.02127104825
7586,63732.14206337862
7587,69973.69818660535
7588,51420.01388421212
7589,49850.01001229848
7590,48170.61535751051
7591,61224.382310407156
7592,49932.539747116774
7593,93213.6598223125
7594,66159.87293608568
7595,77686.74160418432
7596,69097.63766168288
7597,40882.96854161443
7598,44118.978717497026
7599,42419.669397611615
7600,51242.3442805719
7601,66348.33335550419
7602,52429.755058500625
7603,59457.8548690004
7604,57388.06532180174
7605,60596.708901761944
7606,67485.18126239936
7607,68012.41347876994
7608,65331.15257450416
7609,61932.82928137831
7610,55769.16228692843
7611,62943.36304542416
7612,53442.999029622915
7613,70515.35513901245
7614,41057.20244217245
7615,45794.04773075406
7616,43773.62564356253
7617,72116.59173715502
7618,65328.87125413952
7619,51488.47521816925
7620,68733.6350749822
7621,57568.84525763926
7622,57248.69372887822
7623,68539.22674448695
7624,54948.03964497347
7625,60942.30396980693
7626,50977.05135048656
7627,47199.99898015344
7628,47589.68962058744
7629,58649.91753675983
7630,52661.35159791717
7631,82018.96735994503
7632,86830.7370955719
7633,53590.541642514734
7634,60296.91363759118
7635,54755.37515037983
7636,49898.586438140286
7637,70600.48344125514
7638,59005.70368366576
7639,45722.21610333865
7640,58948.62269985271
7641,45359.96498729823
7642,67514.66240429915
7643,68505.73915321402
7644,66181.27852692323
7645,56718.4057789848
7646,47382.205436019816
7647,55904.219534958196
7648,66549.76221351257
7649,46274.98315173193
7650,67519.82237279066
7651,42249.40258835251
7652,71412.21658628907
7653,55121.835199228306
7654,57175.44951962911
7655,56438.88634391043
7656,62736.902882424074
7657,58840.98718095848
7658,64932.179176118676
7659,57085.22691717019
7660,63275.93863424891
7661,49095.16512084163
7662,57180.75596142059
7663,60680.16681812325
7664,56989.30979246786
7665,60133.779106350674
7666,63954.61096051064
7667,53307.28065715016
7668,58748.91964889497
7669,60064.137685481044
7670,70139.02995826017
7671,59146.37437703051
7672,51718.643368985104
7673,73580.29031286814
7674,68984.81808769995
7675,49640.78009509234
7676,57042.364303824266
7677,66622.03363092388
7678,72922.8802388485
7679,64493.576516943365
7680,47574.211463544976
7681,48669.474113132404
7682,46457.21913192927
7683,46487.847135911856
7684,63578.79509279079
7685,56633.52491138012
7686,55654.98121420464
7687,46095.47138217608
7688,62361.5697013831
7689,80992.07536061574
7690,50828.65744023799
7691,81757.17258037948
7692,62351.71258848273
7693,64270.99565609308
7694,53504.617056356765
7695,55009.93496179106
7696,44521.708909560344
7697,67844.4632608186
7698,52675.34133619991
7699,56594.972481684
7700,45151.91921894384
7701,65867.13128664663
7702,50061.94027469225
7703,52857.28762684404
7704,61305.958687166254
7705,56540.224127216185
7706,49724.693592608295
7707,55261.79375179166
7708,62539.7873132149
7709,47938.3910975228
7710,61640.10088972448
7711,56047.587677106734
7712,39765.91035759334
7713,75894.46911969951
7714,57876.71923876118
7715,62598.76116153351
7716,56749.94709851696
7717,35381.513164069016
7718,56339.943350153844
7719,52464.71164326486
7720,41589.54695923659
7721,53472.48833584397
7722,57997.73881218064
7723,50606.01209908314
7724,45029.396137775344
7725,64634.51980933223
7726,66030.68100381836
7727,62516.42441746821
7728,61600.261647611056
7729,56878.29163998701
7730,45646.288393748466
7731,60551.02733164621
7732,49132.47359822968
7733,47470.43029279774
7734,48476.81892986131
7735,55375.302634937994
7736,57530.01508344475
7737,41248.49138115196
7738,38417.03979688347
7739,48956.44512242513
7740,76011.82674544558
7741,55659.251022938995
7742,60958.62246563947
7743,41656.77660048661
7744,60378.08855496726
7745,61398.74775701518
7746,69433.43131169264
7747,50271.27216951498
7748,50049.92883372974
7749,53099.00504806246
7750,47027.31612058879
7751,48797.8029077113
7752,57153.57487724951
7753,53769.86419266852
7754,47055.70396985988
7755,42403.194252179186
7756,66349.47574055228
7757,77076.52781083174
7758,59804.623013564225
7759,50939.42822363212
7760,47796.628019475735
7761,58574.1333853965
7762,54285.137816036
7763,51539.9316924056
7764,63542.83788326041
7765,71121.21119221076
7766,54422.60855693939
7767,43691.946582856865
7768,57460.443672812486
7769,44700.125012074364
7770,69368.26574593449
7771,55385.71358355081
7772,46196.80901316659
7773,42408.1570774748
7774,67902.0041902692
7775,46140.85113849197
7776,61241.88356105863
7777,48857.18638467219
7778,56450.12469432095
7779,62385.95728241793
7780,70024.67970506813
7781,74079.82282778532
7782,53143.54253152353
7783,50307.38025277234
7784,77392.26137111011
7785,83856.21977078145
7786,69398.65827483419
7787,48247.978882379844
7788,44314.26651702823
7789,74010.11177877818
7790,65671.05795941563
7791,59980.91438054477
7792,51713.17049493096
7793,58967.29590057961
7794,43043.6702940821
7795,55920.977621778926
7796,64235.04756951084
7797,49666.99620349752
7798,60131.085594551536
7799,70709.31048743743
7800,66545.91891882339
7801,58716.19912155588
7802,68415.74361883501
7803,50343.0125896735
7804,56257.54967613791
7805,69294.05807219459
7806,60738.75270347043
7807,70577.89474929532
7808,49834.55049997808
7809,57514.324869848344
7810,53050.79780356111
7811,62572.21210971476
7812,45655.07788952143
7813,44839.206843467844
7814,56150.773547943754
7815,60718.898957362086
7816,74642.22178395168
7817,41191.01939708901
7818,49451.70580127695
7819,55340.99968645048
7820,52956.28793967627
7821,43536.11645800663
7822,73506.21361345644
7823,57240.61412342899
7824,49410.036409600274
7825,62974.493174408766
7826,60866.78885889432
7827,73211.91847213087
7828,67312.36208183646
7829,64892.888125455574
7830,63995.300634096886
7831,61625.920632578425
7832,50088.49599775724
7833,61174.20008558534
7834,77932.47106731897
7835,48461.31429009866
7836,57825.88324834205
7837,43249.89608629548
7838,58843.34553891912
7839,53175.07594516311
7840,63529.306346272475
7841,70951.09732214319
7842,69639.39775861277
7843,60689.10987424226
7844,56644.31089623959
7845,71563.37579720948
7846,65363.93521256232
7847,57944.51333413484
7848,49937.14755871219
7849,43132.18316685413
7850,59738.07332261908
7851,67194.91795074005
7852,51567.22171710321
7853,48207.7645861237
7854,48551.79000865321
7855,52719.224291930186
7856,55321.54766901308
7857,60721.609039544586
7858,58690.34436885316
7859,57032.04315695763
7860,49936.76912816838
7861,55244.440716202334
7862,81282.00687502684
7863,62151.45198775307
7864,64651.99027742661
7865,62523.73472583379
7866,57939.671601145514
7867,50814.30636083706
7868,43599.236560907375
7869,56996.56724433929
7870,57161.314122673466
7871,69188.57492248525
7872,55548.81517612289
7873,80570.16836864766
7874,64025.84500497606
7875,64521.9883238326
7876,60182.51346392766
7877,57865.01497184278
7878,52294.82599022768
7879,48020.923157839214
7880,53445.51348467171
7881,55086.5906314726
7882,57166.66497741256
7883,55506.0204826219
7884,58436.70237017902
7885,45639.844276658645
7886,80229.83122358397
7887,66812.13091371676
7888,73476.97458654761
7889,64954.794927376744
7890,61692.3914238268
7891,69423.10572758298
7892,65577.16211637066
7893,75101.10311221189
7894,49733.97354834087
7895,64459.851309535356
7896,63878.17940809807
7897,53838.91196746855
7898,70099.80743096808
7899,43441.47958362298
7900,56843.61410974728
7901,53922.17877444463
7902,40106.36344978641
7903,47653.610019271284
7904,83512.78470746645
7905,69508.16909176818
7906,48729.6943170123
7907,47749.3524635814
7908,52041.5602136037
7909,60617.53316324877
7910,48517.0066874578
7911,48298.24430138395
7912,61247.34799747613
7913,49529.13939473508
7914,62493.77685871147
7915,47529.834351637954
7916,63772.33471985257
7917,56689.7306254025
7918,50059.37777731993
7919,35557.71202217497
7920,61653.45570871159
7921,52518.01498189403
7922,53012.067803447186
7923,47923.21966713426
7924,67848.4462323987
7925,49375.70833759673
7926,55732.81859118566
7927,56399.88950869036
7928,57682.250995330134
7929,63408.19382109113
7930,44573.917693699266
7931,59820.486942550124
7932,37929.6737913649
7933,54752.61154275505
7934,57059.93827952489
7935,60162.54344548565
7936,51139.16857149746
7937,56873.05616708869
7938,48330.40675097888
7939,60028.93328447221
7940,49483.50377324153
7941,53348.64221298372
7942,47136.90798996954
7943,71231.38362137879
7944,53425.185661471565
7945,41167.62717572318
7946,58843.01106361777
7947,35940.06372597263
7948,70522.10664395052
7949,35365.568750249906
7950,57615.89439538145
7951,52413.20772789734
7952,58950.682013840014
7953,54218.15167247256
7954,43911.66760705755
7955,50411.62981004789
7956,57896.773754406386
7957,44599.22031113058
7958,62942.96915825186
7959,62792.47551104571
7960,57555.39357939965
7961,58230.96008270312
7962,45353.457804026606
7963,58600.48140627014
7964,50159.11264759136
7965,79850.52565207807
7966,83513.42125089231
7967,51569.62813494037
7968,79910.85933023148
7969,52290.9587869419
7970,56279.97346495525
7971,46700.190517135816
7972,62380.27640236341
7973,56131.909513541636
7974,58902.0579474894
7975,60543.91602843875
7976,75002.46377360313
7977,56854.26460084121
7978,59870.02733538426
7979,61974.662237845514
7980,39640.04972669182
7981,51359.694911129205
7982,53580.514261759774
7983,41891.65593579663
7984,49725.84118640785
7985,60530.5336942679
7986,59405.41395877142
7987,66222.80756371695
7988,60179.17343158453
7989,63631.57318660367
7990,42581.21009706828
7991,78128.16707566903
7992,66761.55747519387
7993,54186.52585861479
7994,56690.86287641159
7995,61170.79814970154
7996,52235.53244771384
7997,62946.96418045797
7998,56130.33756211998
7999,47998.978309513186
8000,41539.05692186476
8001,68147.34135310979
8002,50498.563881769565
8003,40034.45687272448
8004,65835.31870122852
8005,62777.85635634425
8006,53619.792323487905
8007,53576.42653308759
8008,71537.55786805028
8009,46147.60730398641
8010,57010.15862367412
8011,54843.91609792145
8012,54703.058305294624
8013,67390.73236570708
8014,71747.92768411753
8015,48823.4552488187
8016,61998.679048744285
8017,64181.98077576421
8018,59748.84441409022
8019,57358.82416652903
8020,58823.72932610035
8021,50485.07967389231
8022,80671.69155038068
8023,70121.20467140184
8024,55971.936251023755
8025,51611.92861785493
8026,62798.22826992602
8027,55222.379987775326
8028,52780.972241450145
8029,69549.73838316521
8030,59938.87181101142
8031,60636.81716560952
8032,58962.26251618375
8033,50872.74882974685
8034,57408.31425972725
8035,63911.2710997609
8036,64367.28117725129
8037,52049.78595232952
8038,59856.18335149334
8039,46461.90091101979
8040,46854.602518851396
8041,50593.65817000606
8042,57678.29136281946
8043,54307.381192627
8044,59805.93272510953
8045,53685.7372378689
8046,54198.60886686422
8047,51867.40772469285
8048,57342.605731305615
8049,46822.311604403825
8050,37009.84183861401
8051,51054.885784466096
8052,87457.48992006751
8053,50334.57946423408
8054,64766.8254804122
8055,62426.28309966507
8056,46960.69634490955
8057,59209.855877465234
8058,60746.85797416185
8059,63606.23632839568
8060,67482.09238363833
8061,70867.40404859946
8062,53155.18035627349
8063,48541.75293668305
8064,43810.90568946972
8065,60930.161460286334
8066,46531.27640388523
8067,71382.56995244662
8068,75306.32724558123
8069,63652.15059525716
8070,68789.6584391031
8071,61152.26200064908
8072,58064.716629847935
8073,47606.93480725709
8074,45511.865839041435
8075,60031.15137848251
8076,54292.61055062539
8077,41466.653477058266
8078,71717.31498011961
8079,72252.59164143569
8080,55450.76749969121
8081,42861.4360710961
8082,61973.00293164464
8083,61173.08901706869
8084,52217.2447154625
8085,52128.67733461878
8086,69666.8206034158
8087,50085.45550841662
8088,52571.32523310455
8089,55008.2399392801
8090,88794.37419051296
8091,52338.74765828297
8092,78623.876073304
8093,56093.00849577995
8094,65219.459157506455
8095,36707.96676782554
8096,59898.94190624831
8097,39703.54093582978
8098,61096.49013480239
8099,51075.072192698855
8100,45820.85564540297
8101,54589.07512746703
8102,76363.2185279015
8103,58569.01452091121
8104,58771.546882742165
8105,71000.60113737204
8106,50381.328253905944
8107,55469.59800910936
8108,43786.56542582006
8109,59723.15777563371
8110,54747.660063842704
8111,68750.69440758406
8112,52177.26407238232
8113,51156.86719475951
8114,56652.1273337359
8115,60306.36737949864
8116,47988.02448558033
8117,72809.86659042734
8118,36506.90371670376
8119,61093.6249572847
8120,53380.37328802219
8121,50584.44766863447
8122,45185.30725149652
8123,81734.34660766218
8124,52578.27524842975
8125,47906.150839076436
8126,82192.09671160123
8127,58651.63082514805
8128,44399.10341943395
8129,37646.43622292525
8130,78605.52237663328
8131,54313.88281292858
8132,62721.55929906282
8133,57418.05437719912
8134,57090.144187650185
8135,60222.575948404665
8136,42671.40753351979
8137,57352.55163753124
8138,71919.21143974339
8139,45555.02876214112
8140,61643.935574563504
8141,63426.93137294581
8142,60460.25122976517
8143,56149.18275948625
8144,62247.57119664531
8145,46426.16837784689
8146,68288.42053389722
8147,62182.91536222266
8148,60521.27335434566
8149,52519.81101415857
8150,66139.18445352449
8151,47021.957467904176
8152,60348.45771684218
8153,60392.43141075268
8154,43964.48346009619
8155,57823.557418450226
8156,61331.0925473605
8157,47333.174711570835
8158,58197.079845520806
8159,34693.38429324108
8160,56415.318777376524
8161,57458.04895410738
8162,63433.871762009156
8163,64847.91192442352
8164,48724.16985410049
8165,63000.073130218814
8166,42081.208784808645
8167,34074.423725271685
8168,60110.57027513093
8169,74047.29799883721
8170,60528.28728990697
8171,44760.381492790155
8172,46678.29339150814
8173,83827.2386424586
8174,62955.33848731756
8175,61845.43726017659
8176,81553.98032468648
8177,57732.21209315177
8178,55263.90782684753
8179,47413.49063531221
8180,47616.5928004769
8181,61220.359855964525
8182,48207.07326582472
8183,62768.47590302696
8184,67664.55378291623
8185,46048.25934268297
8186,45529.73567314951
8187,51319.678166423655
8188,57596.60610146818
8189,59081.381563921954
8190,46333.99548319945
8191,57468.70569665146
8192,43039.527376032165
8193,85138.79661610405
8194,51866.08609369223
8195,49254.19774643999
8196,52036.557235613865
8197,63479.95580751595
8198,63633.90064161438
8199,80166.11809519013
8200,50907.940204563274
8201,55500.68702904454
8202,55489.18313944812
8203,60519.75480394541
8204,45249.80391948767
8205,51567.597756572606
8206,68558.85517597295
8207,51234.913434988135
8208,91515.00130796085
8209,77891.63420971931
8210,39931.13780202895
8211,61362.1777845524
8212,67599.8239294721
8213,55386.178319516475
8214,52160.43493907241
8215,53334.69232216004
8216,55103.1099307405
8217,55794.80675185149
8218,53728.91951529003
8219,58516.97782970363
8220,45184.635271878775
8221,47629.2182368775
8222,59682.473028199835
8223,46546.66748553854
8224,51682.87423116643
8225,59539.472767562496
8226,64024.212187759775
8227,48264.94057056357
8228,57178.00852905032
8229,60341.56000056553
8230,62615.17443075753
8231,63779.52872413979
8232,71657.24355578708
8233,65323.719215176345
8234,58732.859322047356
8235,58466.93041382153
8236,38712.60126002776
8237,65577.39749566319
8238,52327.645658533416
8239,68550.83675334888
8240,59438.85031594859
8241,65996.83936155726
8242,52938.93584797749
8243,48787.09836335302
8244,35975.51263671221
8245,56962.86686451898
8246,72701.91680734335
8247,88006.83258031862
8248,74934.70669198617
8249,52639.912882161145
8250,52717.53972283426
8251,76294.86013243432
8252,71536.4615828098
8253,53458.79322784089
8254,59150.052484211104
8255,54249.42347092677
8256,66256.4748101725
8257,56670.538992319474
8258,50175.86892678087
8259,55967.44360866236
8260,54712.68357978598
8261,69250.18597174504
8262,54020.03282578824
8263,48406.57264132062
8264,61032.19421972176
8265,77638.69673190184
8266,62105.5713105756
8267,55411.19138214553
8268,52428.64014154055
8269,73944.22670214156
8270,45367.057302637855
8271,63075.87554639743
8272,54079.14670085428
8273,75527.59312617389
8274,52574.030487017706
8275,51518.20154020833
8276,53893.17366003991
8277,54237.14897427519
8278,56098.64518155463
8279,61757.96408005184
8280,41199.46590059438
8281,45828.249876182206
8282,33281.868644727554
8283,65484.9393511653
8284,44211.796823472345
8285,57307.22552709191
8286,61519.05853311881
8287,52217.55583179258
8288,59781.724684472196
8289,53578.54953091948
8290,61835.44977221478
8291,64519.99646826004
8292,51553.97663771296
8293,48778.35763358948
8294,59637.38784746616
8295,53713.13138530597
8296,57114.83856414893
8297,56060.17618576652
8298,54940.48692828572
8299,58655.7217128995
8300,61401.67593728553
8301,45406.067918896406
8302,44307.17699414003
8303,73273.54055593943
8304,59943.61002667177
8305,60167.114622140485
8306,55656.86827821
8307,68565.18099657963
8308,46831.853426252856
8309,68659.50950674698
8310,59464.20350231685
8311,41144.009454201834
8312,57125.99974130627
8313,75060.64295876004
8314,43089.52169871919
8315,63225.52915508945
8316,59241.29262976059
8317,55326.43626428664
8318,52745.10476736426
8319,61011.704733255414
8320,68611.4233491985
8321,43225.789681765105
8322,62325.04714160494
8323,48748.860960683756
8324,55129.17966413503
8325,63540.37348687347
8326,50411.39345674233
8327,61693.01956024269
8328,44041.600737010966
8329,52826.541211117285
8330,40219.23578012985
8331,46778.76704034236
8332,48327.09754490758
8333,37674.66930729534
8334,54472.49219783096
8335,40684.77912220578
8336,65045.99915052259
8337,56478.82482339732
8338,43085.04229362614
8339,41616.27381165904
8340,52840.06210124323
8341,47187.04808629516
8342,53500.38556693519
8343,60062.72139822699
8344,62916.74336613795
8345,47337.1759931129
8346,54719.33976386756
8347,54849.314508837655
8348,71582.57655672502
8349,45949.494034278396
8350,56887.9980925709
8351,71400.35367831969
8352,53876.85144221345
8353,71682.82454739147
8354,54700.600425675715
8355,56196.685857301134
8356,40122.43616241226
8357,56856.03890070071
8358,52006.28303206274
8359,54733.50576225007
8360,49055.36908767448
8361,37059.86853620477
8362,56972.58490202285
8363,63046.317971275836
8364,56480.01376121906
8365,51066.32764845439
8366,84787.35718737666
8367,60707.419009126206
8368,49464.58557926199
8369,64037.773281614995
8370,49375.07125466261
8371,45639.48785349549
8372,48259.61231123116
8373,42879.03186628838
8374,59438.43448566332
8375,47793.37237016917
8376,47441.49080772303
8377,48000.2596314119
8378,50936.542073499346
8379,46214.356716036455
8380,45693.54947490297
8381,52611.44031098689
8382,48096.21513494128
8383,50453.05836343928
8384,56392.36035360946
8385,55091.864870599995
8386,42177.747061970505
8387,63573.10495587818
8388,78429.25779832412
8389,62491.65340051192
8390,45467.5428589789
8391,41832.261573004995
8392,58172.96725140981
8393,49237.080821327814
8394,54992.40104271757
8395,44659.20092519999
8396,44153.29623301929
8397,58501.470728812266
8398,38331.14167179658
8399,76406.81238258173
8400,50433.44996479676
8401,49781.81441752989
8402,52897.185886485255
8403,49747.90053942345
8404,49785.8986293027
8405,58880.024995178224
8406,45809.12386622964
8407,59227.18266286583
8408,52834.34944301114
8409,63647.66252999141
8410,50271.02022827677
8411,52634.9250518404
8412,54942.9940201379
8413,60139.60713948925
8414,57778.50724299238
8415,52767.22853764366
8416,54939.339542571804
8417,47920.72394396994
8418,62890.19949860134
8419,60780.01239082304
8420,62618.82729445279
8421,55203.177068914876
8422,70290.85016267061
8423,49368.4005221208
8424,53518.00965834871
8425,76513.57721263156
8426,57014.33852997136
8427,42690.18289596464
8428,63701.42047274297
8429,64917.66234161404
8430,48914.97407769777
8431,67923.76333677665
8432,53401.449436971685
8433,42811.3273514785
8434,55652.35771951946
8435,54029.248802137256
8436,63043.20372828586
8437,53089.09533760433
8438,38994.39827764695
8439,52996.02874867947
8440,70742.48016300624
8441,65139.12148663506
8442,79031.633409013
8443,55778.86624859773
8444,49003.80406978782
8445,55131.71833778043
8446,55834.55522876437
8447,50873.91408409435
8448,53916.47899711506
8449,52287.99557196789
8450,40321.477897591176
8451,74456.57584262735
8452,39134.61144272886
8453,52350.29025144396
8454,52671.020624731034
8455,47282.17851428074
8456,62672.19337858059
8457,49602.675656596104
8458,56220.479028285234
8459,63406.94321201667
8460,65955.09161650734
8461,65249.90797852952
8462,47870.48351269639
8463,43051.88141364714
8464,65517.393123074165
8465,56025.049645755586
8466,68165.9808482918
8467,50043.213918453876
8468,74294.87370229006
8469,59189.98438241489
8470,49211.53562947358
8471,69926.96406698471
8472,51133.53662158607
8473,55419.76880969166
8474,56120.54484991772
8475,55662.69413390983
8476,49116.97943963308
8477,50523.38322962917
8478,62806.81154683645
8479,57259.77265805041
8480,47582.74450604352
8481,58260.94045528919
8482,61790.50857910152
8483,41355.47408141216
8484,60950.69530994716
8485,51245.21418372822
8486,49037.00014790339
8487,49497.325581415455
8488,45854.57027043624
8489,53401.972453001414
8490,41103.06714975005
8491,43999.06436658813
8492,43343.37185741792
8493,46195.29659201772
8494,56674.4945828737
8495,60554.15336698593
8496,60596.77911371131
8497,49132.96155659352
8498,67156.74693532626
8499,62740.08113859119
8500,69009.28389973723
8501,63112.3766200192
8502,62402.41983303558
8503,58792.27617569197
8504,51621.20111859867
8505,53545.58728876705
8506,60599.92502545233
8507,73591.19200896894
8508,74890.97558503394
8509,66012.30159968272
8510,54972.13506057689
8511,57019.450130743964
8512,78467.56801555063
8513,49745.12491956712
8514,46053.849663045265
8515,83266.59556669781
8516,61374.49133307814
8517,44465.92983430966
8518,53252.79021359025
8519,46660.3921641362
8520,53071.12352782779
8521,58823.99226664603
8522,55051.99938282136
8523,44674.83484054373
8524,58201.59968231217
8525,55304.32084681973
8526,42660.66286739432
8527,62275.65987228301
8528,52351.71361352755
8529,78625.82431848788
8530,45805.81241591903
8531,46590.9598916934
8532,51591.03667203085
8533,52540.350625517865
8534,80704.89421318323
8535,45731.51195596594
8536,72656.06439108224
8537,36930.492194922655
8538,63617.35465005512
8539,48507.31352445823
8540,95658.6568826296
8541,56580.81347668883
8542,60503.95024609826
8543,56650.35980753114
8544,43758.330188708955
8545,43107.73269550751
8546,58329.094848080735
8547,45038.85080945429
8548,59728.6512346596
8549,69073.1484088714
8550,77585.29070744844
8551,103772.96690511999
8552,67765.37729867753
8553,54363.352817276354
8554,43552.258633156816
8555,50263.74724939611
8556,50586.965051448584
8557,65184.16724222584
8558,72194.28942755173
8559,52500.412759273204
8560,55845.53575405423
8561,58846.878045729776
8562,42101.009524427915
8563,52475.76214281796
8564,54591.65389101172
8565,71205.85634920024
8566,46210.41008800439
8567,58251.29039097543
8568,62925.93290352897
8569,45984.73250118193
8570,81571.42867972743
8571,51201.73965471371
8572,58181.4715769709
8573,66592.60338467834
8574,55924.27779758012
8575,49297.19908929127
8576,71918.71097631319
8577,44892.012287197154
8578,81446.41055185861
8579,57728.253165686416
8580,48825.33648314744
8581,56011.31475682022
8582,64204.35168549599
8583,57735.68651733071
8584,53873.94172593589
8585,49417.01147107376
8586,62947.32520385513
8587,49340.85326262673
8588,55165.41889017323
8589,64596.84401113102
8590,65891.23657573262
8591,86464.6639510271
8592,52533.42926599126
8593,68505.0353288527
8594,39758.153361905366
8595,55477.57241353638
8596,59797.53414416233
8597,58097.090807757726
8598,48072.41611533949
8599,65949.52394709777
8600,54776.26787607489
8601,60224.02520392199
8602,56816.890634339245
8603,67399.12242116201
8604,49271.47264539601
8605,41920.58262922169
8606,42087.10072714959
8607,63093.00851970704
8608,57514.74530263842
8609,42758.01266323105
8610,81688.90744943841
8611,35360.41422124805
8612,62095.72898403679
8613,52423.85847429304
8614,48769.73630568134
8615,71513.82914881296
8616,79447.19444136978
8617,58933.190260260395
8618,39923.140282749744
8619,59413.70094593693
8620,56724.73400910169
8621,47288.35720893717
8622,58114.178800691596
8623,48392.2541733395
8624,55226.744653653695
8625,47552.72771325031
8626,66112.88343782307
8627,47545.15722178824
8628,58914.02659471625
8629,48220.30789683623
8630,57790.15032739579
8631,51841.037676088556
8632,62105.42921490801
8633,61133.99478822922
8634,46177.00406410898
8635,68958.8313881247
8636,60136.36637269998
8637,56392.27251621453
8638,67694.16473136695
8639,58557.22632432779
8640,69072.2904866286
8641,47601.10820338814
8642,63481.222290038706
8643,46519.27297118201
8644,49922.14150584767
8645,55525.03948524424
8646,52630.0233100808
8647,58718.6314725866
8648,54959.736268896544
8649,54009.90647372979
8650,50495.86839791087
8651,56037.84630758014
8652,53659.521226583165
8653,42607.113109624595
8654,47161.47929780237
8655,68422.93917516165
8656,66558.02761651555
8657,41770.09564974247
8658,55844.355715458296
8659,55933.757343235346
8660,59812.318013658696
8661,84211.8095946875
8662,41328.2668920095
8663,54129.63316447028
8664,59412.01698223506
8665,52827.794751252564
8666,59102.20575356161
8667,64497.74691637512
8668,63746.56364703447
8669,49655.439139795046
8670,54474.48802029416
8671,66097.77743839464
8672,48030.1937754219
8673,53511.39062041229
8674,57554.8255800855
8675,63899.886299715516
8676,59282.41050879914
8677,64958.496931787115
8678,55464.42499354822
8679,75780.64793231543
8680,51140.64014759999
8681,40962.71170145918
8682,60984.5752504904
8683,54218.5321828746
8684,53536.65871356003
8685,55274.25487035747
8686,57019.65420012438
8687,61170.271528642275
8688,68416.66945278592
8689,56967.2891889313
8690,51293.615079459
8691,71587.7625411769
8692,51908.48345132796
8693,51804.07504570883
8694,40642.3642366879
8695,63654.9350080935
8696,36191.40656801693
8697,70133.83885524939
8698,54409.84647169011
8699,62770.133758104486
8700,50237.35445265307
8701,65428.924474165084
8702,64939.321113583814
8703,61108.602931970614
8704,53444.88866994496
8705,64698.53642220943
8706,49005.35203251246
8707,72877.64444246999
8708,58385.94783894077
8709,56626.94112537815
8710,52196.24325639416
8711,70090.80018231248
8712,64581.95156432784
8713,53140.39598839594
8714,61257.09480097038
8715,56449.08932454787
8716,69392.44094104585
8717,56549.09869967022
8718,44012.83777745322
8719,41312.63763725254
8720,67476.75924490996
8721,60560.281268888015
8722,69791.77265813328
8723,59729.99004118057
8724,60109.965663867806
8725,55735.75344304849
8726,60765.78522374832
8727,55422.341870903016
8728,51055.85551642293
8729,49991.80869866286
8730,64293.25818295284
8731,54993.09219652201
8732,46045.893719892774
8733,45856.719368628554
8734,63404.89490552802
8735,43506.46365670665
8736,53652.118354718994
8737,48854.54649459946
8738,44068.17118645469
8739,70698.50712756715
8740,57924.69327740428
8741,56260.39941522648
8742,48120.38680552124
8743,60300.53783913846
8744,44316.21844300227
8745,43917.94855276089
8746,53886.6223748867
8747,47459.21124670245
8748,58328.86451324907
8749,48835.16681946237
8750,53603.30176160022
8751,76162.65207148402
8752,56223.377997759286
8753,66331.74195704206
8754,47960.95470766773
8755,51821.0324119724
8756,44004.68933590989
8757,57408.67501004322
8758,66870.46797399185
8759,52397.701934721474
8760,48901.081215281134
8761,61748.717308170686
8762,44829.546334527535
8763,66248.53814178726
8764,67791.44757520055
8765,69736.17932257552
8766,50121.38150000813
8767,58885.68661887018
8768,68321.428029193
8769,47922.98317100167
8770,47110.60951505412
8771,55587.4617921192
8772,63544.407577508835
8773,55649.92891977787
8774,53936.74368814334
8775,59831.45414853276
8776,60726.6671663941
8777,72057.22961301675
8778,72621.0199443005
8779,59274.973972415646
8780,69266.0879682848
8781,57023.3927505148
8782,76820.96101722581
8783,46467.55046866731
8784,57395.483845083465
8785,64437.34564812813
8786,60811.75843952552
8787,49272.14786414671
8788,76392.63257768993
8789,62363.14310380954
8790,51984.44308936514
8791,58762.2922969326
8792,65645.5759062821
8793,57907.215800664904
8794,63398.8952530267
8795,58418.78294009632
8796,68516.03469828618
8797,73672.19385261234
8798,46648.087640691105
8799,82170.63874606712
8800,57364.269534044884
8801,49793.43077036469
8802,68239.01182863975
8803,65466.875901828906
8804,73747.23186839621
8805,49030.89787581958
8806,57589.25562851563
8807,43136.517107848704
8808,64928.75401270151
8809,71738.00899680535
8810,56019.73124477597
8811,48786.584080327455
8812,53352.20053848849
8813,51451.10265898828
8814,36835.394462152035
8815,48953.7855636893
8816,65915.34521442953
8817,62034.519267314245
8818,48596.203218734576
8819,58131.98702112734
8820,56181.18854566931
8821,41239.55683946534
8822,37000.52204096609
8823,56329.37211251734
8824,65199.76848369958
8825,58590.785905318466
8826,65888.63184117421
8827,71535.12529061896
8828,54291.249536468764
8829,52084.53579997815
8830,58409.76370664691
8831,38831.40619272784
8832,55080.99773183856
8833,54155.96928853339
8834,63390.57330208647
8835,37392.34842099513
8836,62023.09721131757
8837,54843.48960439953
8838,48882.461450773415
8839,57749.79598100257
8840,58929.735358485625
8841,55494.445555728635
8842,59322.43680952684
8843,60823.801390977715
8844,42204.72261596918
8845,64270.202839186306
8846,49960.82480711312
8847,72529.13918029987
8848,43581.557712010755
8849,42246.64165855287
8850,57086.48251917069
8851,66872.75450084812
8852,46306.39943170376
8853,42310.95759785623
8854,57256.57127588891
8855,50066.81007460707
8856,46334.88452327674
8857,39799.10776597487
8858,64721.88409130223
8859,77784.79959175165
8860,46386.91544289829
8861,55415.87935210817
8862,51054.182281280606
8863,80352.91423437664
8864,60631.686536852416
8865,62458.12368466387
8866,71132.82374064319
8867,66936.75423284402
8868,51038.01737820699
8869,56315.838263383186
8870,49728.818822467336
8871,50734.70547787687
8872,75886.06251150396
8873,64427.32202902921
8874,54511.55814308772
8875,58136.642587895396
8876,59813.83130836186
8877,56616.736502949294
8878,52479.32870602497
8879,50067.81795713534
8880,92746.2874037895
8881,53639.01559170034
8882,53913.66214626144
8883,50231.45691162307
8884,74770.72841269393
8885,65186.968098111545
8886,53497.993693183984
8887,55704.46158317543
8888,55937.76780561782
8889,53085.65742590041
8890,62881.41392903998
8891,66979.64758890767
8892,71955.4001778879
8893,57311.392142634424
8894,54412.525666587244
8895,69883.65448706188
8896,59101.33019886803
8897,52465.82364218394
8898,61367.121691625034
8899,51411.60479961683
8900,56388.07677728511
8901,60396.0515478695
8902,50570.96488561084
8903,42743.26604722889
8904,53413.146566465584
8905,40307.3275912418
8906,61312.69687135291
8907,63275.87109128043
8908,88598.25756721648
8909,38547.08401740337
8910,50132.730302615244
8911,49397.20243847806
8912,45806.18748302985
8913,58431.064095328846
8914,39825.54975135754
8915,43499.279726845256
8916,56359.25687470017
8917,59866.35758094335
8918,40024.39313530427
8919,60367.67226172024
8920,48540.42484166818
8921,60660.03489578945
8922,47384.762588644095
8923,53206.306165871
8924,50947.718393171526
8925,58954.913158049945
8926,53262.89044879226
8927,42261.38632932796
8928,57398.05400931245
8929,68707.1383155729
8930,52070.34415561417
8931,62664.81844332583
8932,61004.97195327264
8933,58844.48238228038
8934,53765.194793739276
8935,40148.02493264837
8936,58107.36703888032
8937,76749.45815820855
8938,61710.85687505474
8939,54792.20376515973
8940,84549.96786750815
8941,102847.68996884508
8942,56299.75103169792
8943,50879.03977573149
8944,53676.500765680976
8945,69626.0953319018
8946,78510.49930351015
8947,57332.92941555638
8948,54813.00306843143
8949,75127.49466577193
8950,52302.15832686878
8951,48310.18423418704
8952,54936.30434407566
8953,66930.43206735545
8954,61330.88444610132
8955,43393.84681228447
8956,54944.54242589176
8957,61492.570542074995
8958,54683.15187573204
8959,52542.636616197866
8960,46715.367995585824
8961,114428.98993784442
8962,34750.493466160035
8963,63001.344081674746
8964,73970.22208531402
8965,47015.76316297581
8966,69236.66101209975
8967,49907.46439779148
8968,60088.28949554288
8969,49078.978967532625
8970,68271.16551340997
8971,57417.97261831212
8972,61671.88897504371
8973,49607.62788027251
8974,48948.237320243745
8975,72788.90245044112
8976,49456.58607674806
8977,43074.260670807125
8978,40827.1134676209
8979,60379.987942198386
8980,39758.713144456044
8981,67254.16889101137
8982,56987.99762198027
8983,68375.18033482226
8984,43165.17979236876
8985,68017.3841501908
8986,56463.14656968844
8987,64997.263846095055
8988,62746.23112021973
8989,69775.74825455032
8990,53245.630018922064
8991,60464.79994602068
8992,49312.90489819232
8993,51192.102218129745
8994,58310.42010276678
8995,72876.69496879778
8996,58253.355861822565
8997,62853.29256971881
8998,41469.07674694906
8999,42987.42775079104
9000,60731.7922668148
9001,61288.44315937361
9002,70520.52130092989
9003,56942.703656048274
9004,48105.77116335231
9005,61810.85787006599
9006,56496.23373274358
9007,64138.30719334792
9008,57115.6016458434
9009,48428.846950312734
9010,60857.02988598097
9011,39398.02987178034
9012,42757.150044593705
9013,43204.9785860333
9014,69236.85022918886
9015,43918.93640511752
9016,65356.12512698958
9017,54725.33379077392
9018,49933.73675968351
9019,51297.74919924753
9020,65552.2621023223
9021,65603.32876489368
9022,53062.69530375043
9023,60199.66686599062
9024,51519.71439697695
9025,57806.47046344961
9026,78890.64015402895
9027,61217.6832860178
9028,70714.42841335406
9029,56293.25572530468
9030,68108.9906884973
9031,65645.46990682959
9032,66335.04880518567
9033,84205.55579328076
9034,59762.2726105374
9035,47459.564664053236
9036,78416.69951230224
9037,58245.400500181444
9038,57620.51750374552
9039,73979.30531171181
9040,45609.64231824497
9041,59594.99729226978
9042,49908.795715136206
9043,63365.90177156387
9044,72896.58134171768
9045,57515.54727407966
9046,83159.2022329258
9047,46673.2246052704
9048,50460.134137493114
9049,68807.7064768673
9050,45505.764278655595
9051,49681.385653239064
9052,63614.04094596398
9053,68595.50446711628
9054,50439.82476069044
9055,48545.77899942389
9056,52003.43864254929
9057,48574.907425467565
9058,51027.76370592738
9059,52898.554936107714
9060,43526.04319696463
9061,45362.11029752548
9062,56610.374546068975
9063,61945.59355770224
9064,53369.6233326462
9065,38673.9074260177
9066,57270.98384163882
9067,52589.83542147843
9068,57244.92089874109
9069,52649.55917257637
9070,50763.27357301811
9071,89442.75386740366
9072,55846.0605665404
9073,65657.34048071675
9074,56923.75130221307
9075,54012.486940662064
9076,57885.048376603445
9077,36912.15481302203
9078,55057.14375403592
9079,61236.17505409572
9080,63350.85354985268
9081,66205.90670976257
9082,63992.06849620455
9083,55327.91569932204
9084,58199.181913014065
9085,59143.996121909615
9086,57557.58924033436
9087,68516.80767901594
9088,66750.41401674128
9089,51742.99595644726
9090,53691.70527454635
9091,57524.38179110032
9092,64491.6694798733
9093,62781.03287653552
9094,45064.5861777759
9095,53842.88911567795
9096,48232.34245267897
9097,70927.96315531574
9098,62872.332938665466
9099,55856.5008585587
9100,46717.808791694304
9101,32703.82386366174
9102,59036.143065989185
9103,44946.29257804385
9104,42834.6910442875
9105,59450.27047082934
9106,51990.31152161261
9107,61202.86979592997
9108,69175.74158001994
9109,58035.729362133396
9110,68917.43110937515
9111,66489.38407109925
9112,54111.18074758788
9113,50609.394647805835
9114,54058.316808011354
9115,62651.095010710655
9116,69974.96779608905
9117,78164.08772842432
9118,49751.684348393304
9119,52349.59137446563
9120,45573.56184833683
9121,62212.853916043154
9122,65356.193495232306
9123,42232.30461204301
9124,56151.24159021246
9125,34035.81265640044
9126,59532.98037936494
9127,70445.01281564766
9128,71906.62828374095
9129,56594.340976446736
9130,45215.12881046551
9131,64930.12256456652
9132,80841.76817067935
9133,60427.76442367453
9134,52210.6650333617
9135,57616.88530529146
9136,75671.98172698384
9137,75967.42527973212
9138,50746.56322730332
9139,53794.32040619311
9140,46122.57781253673
9141,52364.77851935415
9142,48322.54709438881
9143,41945.86477618832
9144,53757.336615875625
9145,50122.20168358927
9146,81076.2896162088
9147,54567.943000744715
9148,45480.516709522184
9149,66349.93932753465
9150,61541.25209643371
9151,77018.51964613778
9152,68827.26865301796
9153,73441.86957518083
9154,47702.940982715205
9155,61425.41001891022
9156,52551.7356328359
9157,55652.08691635074
9158,56622.27215880628
9159,50374.70904295874
9160,53667.27182897426
9161,54767.369836755366
9162,51160.9568426018
9163,53459.84961810934
9164,48745.12894431827
9165,53843.165063747874
9166,55825.686096298414
9167,61315.83293603068
9168,60796.72886069966
9169,54629.100907344575
9170,77567.05851102472
9171,63872.25413716926
9172,59757.13708246081
9173,71644.22626546235
9174,67647.43534219856
9175,68141.72817263774
9176,72706.62986542076
9177,57423.59448116035
9178,73365.27703141236
9179,69403.43721457623
9180,77546.88620061082
9181,62870.95473895046
9182,53311.883902836285
9183,60402.31989051443
9184,41371.17457053893
9185,40998.15980698082
9186,53118.597445046464
9187,76788.16361498153
9188,44902.98797670482
9189,49001.92944527505
9190,54536.12471476185
9191,74160.74287745381
9192,46889.59334105428
9193,47055.58755256583
9194,48778.71761568454
9195,56588.22534702956
9196,48052.15608426483
9197,51181.66547677592
9198,67970.50448320845
9199,59927.75801418776
9200,66246.16328592943
9201,67450.40448204444
9202,54726.910689989105
9203,61405.74104590518
9204,73144.43670315217
9205,68955.58370027118
9206,68644.6579108588
9207,68691.22654864931
9208,52144.07524184509
9209,44204.026215260026
9210,49653.08720835715
9211,61686.76454381089
9212,75236.05230878903
9213,42496.66510406045
9214,69595.63621585358
9215,58174.73971287541
9216,54271.20973961586
9217,58915.184288111566
9218,56585.943421559
9219,44787.06849282243
9220,54143.550248265485
9221,64924.88931638147
9222,60501.8325661405
9223,47043.2700185427
9224,64930.56896887366
9225,46222.71684115316
9226,44935.706061975805
9227,60244.7795256192
9228,58276.65912576413
9229,66337.75659866324
9230,67904.34070036649
9231,54296.851491283334
9232,68816.6286667595
9233,66415.40741256648
9234,55966.54072382307
9235,55557.10888302283
9236,60906.581387320344
9237,63000.32659438746
9238,59963.78512135981
9239,58654.55525698559
9240,47438.514160843595
9241,53139.826763571604
9242,58691.3756090059
9243,49270.36263571678
9244,53350.08089578501
9245,42690.54147128632
9246,57451.9700978445
9247,73930.98541895945
9248,62397.42058141582
9249,41459.4224113923
9250,50664.68017235643
9251,53632.17155816377
9252,69538.6180643344
9253,54813.66920897256
9254,50026.49298134466
9255,45815.28136166516
9256,54175.41463342606
9257,68404.40070186109
9258,69461.3312781084
9259,51693.61909281017
9260,44843.59957381656
9261,81488.67102997848
9262,62585.37505387778
9263,48483.95558011086
9264,47678.624133986574
9265,70906.06825331211
9266,57625.12028042177
9267,48948.76267112481
9268,59009.369625090316
9269,49848.25735932061
9270,53264.4567949205
9271,57249.13856967197
9272,61467.618693472206
9273,52358.03719931706
9274,94258.03206306745
9275,64320.63540278943
9276,59550.86435465785
9277,52310.661421040626
9278,56625.01600671237
9279,61167.77810184578
9280,51783.74731132769
9281,68817.16494930278
9282,66740.21978114362
9283,47945.34742049037
9284,83974.87979057619
9285,45156.02951567802
9286,63876.04338400872
9287,55379.08603542996
9288,86938.16509596078
9289,47453.03096671625
9290,62122.35586294734
9291,38644.86672922853
9292,56162.247465101835
9293,57686.95771364084
9294,49357.484365437194
9295,51236.899748519216
9296,45141.523573322476
9297,68996.13261371772
9298,59166.88129686825
9299,70035.1073650248
9300,36751.41057321189
9301,46610.81825991055
9302,47946.769135571885
9303,55029.55169845621
9304,57866.01601952467
9305,63307.58001076744
9306,57035.9814251594
9307,60844.92572351
9308,62910.93770714159
9309,43603.069471086405
9310,75873.58675617992
9311,50024.53536732625
9312,39006.85292748017
9313,61657.093169935986
9314,43514.48306120522
9315,60227.511701439296
9316,58837.46349609977
9317,52597.08428517504
9318,39635.85139649095
9319,70940.35341337144
9320,47698.33473521287
9321,45286.913429211476
9322,59163.84866826688
9323,49177.74849648977
9324,70111.4262824922
9325,52373.01537083092
9326,65045.60665464698
9327,68298.0761679456
9328,45033.121294003235
9329,48223.534111445995
9330,72161.539609067
9331,45707.13377036511
9332,55344.58174939632
9333,67564.61623584316
9334,57241.06510323772
9335,65164.936102896754
9336,46853.68610319987
9337,54792.68433759339
9338,37366.032093966074
9339,56186.58043352041
9340,70579.90453055185
9341,56240.33418334603
9342,53748.236293411275
9343,57115.06510802354
9344,53725.88479919182
9345,67959.29571058325
9346,62593.60540156971
9347,57093.81206091818
9348,46370.64557704166
9349,45796.455979249826
9350,45781.0219553358
9351,43579.08701957024
9352,43456.40830645326
9353,65805.06955937641
9354,59993.83544174199
9355,55765.39761034105
9356,54819.181653503736
9357,72689.47130356294
9358,50545.20624163175
9359,43312.273137369535
9360,75380.3479023415
9361,75590.59127443464
9362,63725.652152672854
9363,53349.69588875911
9364,68704.10162512789
9365,41414.96438857057
9366,64170.831289032445
9367,54141.637433377145
9368,65228.9597264927
9369,73754.9047350948
9370,52259.28118600903
9371,78603.93335668018
9372,64085.43972021737
9373,60903.467519264464
9374,59716.32450000865
9375,52283.53604251432
9376,48438.6014507097
9377,60780.08529399027
9378,54432.640888548434
9379,60048.92508211873
9380,56509.18701242236
9381,98395.1609764143
9382,65613.74493072674
9383,68624.2655778313
9384,58056.42134045885
9385,57808.02828335395
9386,52292.30054235493
9387,53986.69554029971
9388,72709.74392672653
9389,47803.460417390525
9390,57927.97890813882
9391,70551.87428888373
9392,54388.256946541915
9393,57010.657797518936
9394,41765.54049016644
9395,60275.75864451631
9396,51681.549022571504
9397,50403.56859687082
9398,50733.25416720733
9399,61154.35015052481
9400,51462.42472308176
9401,65770.2903180495
9402,48115.11553405691
9403,60679.04424661232
9404,48341.357168438575
9405,46300.87709570031
9406,57090.65044038324
9407,58515.90277043607
9408,71049.20204733392
9409,72450.94597336372
9410,41055.327412553685
9411,49018.021565111885
9412,48431.02865205215
9413,66070.51068186948
9414,50531.04863799638
9415,46613.02227542368
9416,52980.37092887322
9417,49044.475952703564
9418,41028.56425089455
9419,45031.518171753734
9420,59713.04258831145
9421,75692.50709940046
9422,49489.79332262302
9423,62849.54203060942
9424,57731.83546581746
9425,40614.925907598066
9426,61155.69055931553
9427,50111.90399144488
9428,48077.92769128382
9429,72229.83840436209
9430,48894.85883110274
9431,52620.25609361617
9432,62200.53538048196
9433,62710.04862792014
9434,72981.85331610174
9435,81746.6742049047
9436,61775.0533903223
9437,46882.31169259413
9438,65999.50744005656
9439,46629.75006842968
9440,55902.64119836214
9441,58597.418827099
9442,70110.96161501219
9443,49811.10231085003
9444,73284.06277915034
9445,55728.20963538586
9446,53327.020511401155
9447,49180.54309490322
9448,45723.31026255003
9449,66931.25255815676
9450,56391.56961661007
9451,64571.16555604275
9452,54078.75935470908
9453,40599.70424387663
9454,71910.19613154656
9455,64490.627857039886
9456,73586.82499341402
9457,47791.34638799659
9458,61853.963478059384
9459,71188.65144748401
9460,51762.499723118635
9461,54495.919307245065
9462,49903.20420476413
9463,63715.25775959622
9464,67549.31945340334
9465,69872.53208073415
9466,58734.265509781384
9467,54078.60511081628
9468,50246.619574468685
9469,50322.08461463385
9470,61793.23308386324
9471,55874.425844789
9472,54865.36146142853
9473,44506.11947701586
9474,65933.10968256481
9475,63232.341025008776
9476,66685.14740210005
9477,45005.79303663333
9478,55874.27447676885
9479,52312.8400253102
9480,80583.787176881
9481,56290.480477182224
9482,72931.78182848012
9483,86463.71791354581
9484,51219.201494215304
9485,46561.70880174219
9486,40665.592961450115
9487,58644.7044142391
9488,49846.05539284722
9489,66822.68429543487
9490,74305.3839376316
9491,52899.91542574311
9492,62804.719051610584
9493,69426.84925576998
9494,68168.74130862705
9495,50663.85889323791
9496,75133.04878603578
9497,70122.23905452901
9498,79654.57890054134
9499,52556.495153999946
9500,64959.43870492847
9501,87321.02846779425
9502,61520.36770986834
9503,58291.27387387114
9504,40175.15898431878
9505,68415.67871211281
9506,42704.630367496735
9507,53382.729288678376
9508,59162.13848180264
9509,62693.01251377465
9510,51036.960415617206
9511,37934.31016556404
9512,49341.75472231175
9513,49385.17269976323
9514,43816.52610221943
9515,71668.69320020208
9516,47636.31250781124
9517,48693.25811210128
9518,44452.894591390985
9519,55525.74281647633
9520,74737.90930388881
9521,54224.80654404496
9522,68506.73974281715
9523,49519.805785486154
9524,72402.00670093401
9525,63242.5914158022
9526,44962.25171122487
9527,50929.21096663603
9528,70883.18438489782
9529,62032.48465442885
9530,54395.89344287568
9531,64008.698308939594
9532,75226.06859704359
9533,55024.71477437416
9534,58004.497566643775
9535,65149.073990485
9536,57659.078772173176
9537,65967.60472810385
9538,54074.323519036945
9539,67867.3970526098
9540,63472.09314643224
9541,70992.8582698485
9542,44715.760274207336
9543,73073.64773540826
9544,65017.261164902906
9545,51888.63098198687
9546,80594.93515650269
9547,63460.01361314577
9548,45531.131513621454
9549,55325.926631975795
9550,76428.73935777885
9551,70214.64334529603
9552,59417.79415686248
9553,52106.09734296492
9554,45360.23201283837
9555,52621.33825888547
9556,61103.95172275049
9557,54200.90199829211
9558,46509.46155275959
9559,70465.52579510512
9560,36824.69659311819
9561,61659.51784501082
9562,43238.07031277118
9563,48229.50965790197
9564,50808.32293726029
9565,60982.49582181553
9566,57731.158273091554
9567,44900.741049061195
9568,56403.689384131714
9569,66672.46643009277
9570,39628.19579561982
9571,54799.73160301781
9572,61976.66413021894
9573,53437.55798681148
9574,45409.31543448094
9575,45949.493294331114
9576,53406.30547693609
9577,62216.16037510825
9578,52842.635133552416
9579,55004.06087426088
9580,57689.139915450905
9581,53654.36301639276
9582,47888.049844089015
9583,48964.41368476241
9584,54673.50971892883
9585,51829.29757973232
9586,49297.291288683635
9587,50599.935286615815
9588,53813.93470037745
9589,53481.67701657072
9590,61852.65423493447
9591,45386.86144221073
9592,65688.83626227471
9593,53013.461017622874
9594,60930.822606573354
9595,58256.21556974963
9596,56474.36676587441
9597,61400.575155436985
9598,53554.15640698168
9599,72676.00695421334
9600,68913.64342038905
9601,75598.99485713725
9602,57618.858921646366
9603,42953.07683419525
9604,53452.870665318886
9605,64183.74062997957
9606,56952.490932978806
9607,50242.962272880395
9608,78480.6084282927
9609,50146.45182213558
9610,71630.0769631137
9611,50694.2323327692
9612,65169.01168715546
9613,73210.51746736967
9614,57106.434393000105
9615,67885.86662598235
9616,45912.57085900812
9617,48360.69367976153
9618,40616.30662417337
9619,70305.14139095241
9620,61898.503215869714
9621,49907.13183679004
9622,63276.5286738033
9623,55041.48237763389
9624,43643.5964561861
9625,55563.69244845981
9626,54280.34829710694
9627,64802.147720213885
9628,59016.01789664075
9629,50149.97685380942
9630,46602.06177577372
9631,58440.90825501628
9632,54545.82025142259
9633,63769.82991169178
9634,56016.89940079018
9635,64376.07622097491
9636,35035.84213706671
9637,46643.04692581396
9638,57732.454162844515
9639,58942.51065559295
9640,52223.06562706238
9641,42894.35043434563
9642,60682.6724756005
9643,43375.69977511877
9644,47694.967479491526
9645,61224.50985528853
9646,63206.62239728872
9647,63270.39836734365
9648,67218.45178221156
9649,66148.22097537422
9650,82022.5485063107
9651,47695.91980198461
9652,49520.78571467569
9653,66680.52037782864
9654,50372.83438426221
9655,60876.56203015375
9656,55721.26315943233
9657,58850.335561480606
9658,48774.48841845523
9659,56920.74395947287
9660,57471.7236757973
9661,49606.22144549801
9662,48444.096203555426
9663,47307.30185823785
9664,65016.63652260271
9665,56882.26568173089
9666,61007.781676087645
9667,52601.8587467999
9668,65959.32929169704
9669,73864.17976350641
9670,45539.635259600225
9671,44188.92437782597
9672,60358.583060695644
9673,32428.5286949139
9674,43486.27902155667
9675,60379.98056000879
9676,70304.62668474819
9677,65509.0706593397
9678,53858.200578572214
9679,54119.19974981866
9680,74471.96500561971
9681,56434.160963519666
9682,58611.26842546127
9683,65280.57998492185
9684,66612.44961028367
9685,53767.5070065353
9686,47553.75625540515
9687,65311.618401738204
9688,46712.768901610136
9689,43833.94553203605
9690,71240.4841892466
9691,63757.84251616224
9692,58163.25505639938
9693,56076.21772857892
9694,57766.27419126997
9695,80922.14733273153
9696,56817.85324749249
9697,51604.97713963373
9698,55001.22997684467
9699,55075.73443344241
9700,46733.3895748305
9701,47435.113549113725
9702,54984.87825775494
9703,47870.22060063159
9704,57862.73938865939
9705,54203.62159718388
9706,40597.91292429237
9707,60722.509513945035
9708,47525.488965817116
9709,69939.3889283562
9710,60276.36919739299
9711,59453.439197094085
9712,54186.84076089444
9713,55390.12860469757
9714,63703.285432982426
9715,50511.09791060344
9716,45855.38301520809
9717,48675.06813075488
9718,44403.826510298575
9719,38056.02807083903
9720,45958.47337713576
9721,79626.24221915471
9722,64134.88600208568
9723,38963.61254557316
9724,59111.313816907015
9725,70050.60781312526
9726,64939.770972371116
9727,70756.78524840363
9728,52768.10446979183
9729,46140.433222984124
9730,61405.78098871564
9731,55645.35425680931
9732,94219.23173188907
9733,69724.11873352964
9734,61454.0443682096
9735,53587.19666970366
9736,52413.23786539985
9737,61813.460977549075
9738,63977.83154266754
9739,59036.25745459352
9740,62946.78072113102
9741,58127.318775867876
9742,47256.45298041393
9743,61855.88689603242
9744,48209.59057608237
9745,55940.96481888665
9746,46405.04839475113
9747,54127.97152071977
9748,38619.30822710465
9749,59431.84111549521
9750,75020.98776164063
9751,50468.94263688333
9752,58760.56019272321
9753,50585.18712923307
9754,49898.37468683627
9755,49216.28314059845
9756,66868.32068822418
9757,58606.31599356812
9758,59832.9648720589
9759,65506.01216461599
9760,79067.17032165526
9761,73725.52711883464
9762,65183.75996089577
9763,59761.79444276206
9764,59777.42509118852
9765,54927.64579735433
9766,50002.38310753353
9767,46849.112317058905
9768,60104.195646772474
9769,52924.737151765854
9770,51769.12131790708
9771,67334.48602483672
9772,42140.79076588709
9773,49397.57440036877
9774,60138.50293728619
9775,52045.60937651171
9776,47831.205610441386
9777,58717.596060922515
9778,45885.414566820415
9779,63234.223555439865
9780,60125.18644736864
9781,52313.996582484004
9782,40700.461777071614
9783,44317.868128412585
9784,61719.75691030235
9785,58664.55412164312
9786,64167.85083847587
9787,60215.13828190849
9788,61391.062548309
9789,67024.79944946649
9790,58442.90785777403
9791,73394.51011853189
9792,59787.56144556503
9793,59290.464497583205
9794,52167.48028658677
9795,53442.1919190324
9796,47683.09558375684
9797,55155.983491534025
9798,56160.105406054114
9799,72106.5852126143
9800,43849.47120925394
9801,56837.157433529195
9802,45860.533420365806
9803,43615.766387191026
9804,60135.504604388145
9805,51727.3885164328
9806,62553.888547221904
9807,64032.888405646925
9808,52492.52144919647
9809,71731.26520372099
9810,64255.608149386375
9811,61755.75215000497
9812,55494.63218679581
9813,68246.04475902375
9814,52255.9231425296
9815,45676.02832702763
9816,44098.297095553535
9817,54436.829366055215
9818,43429.54339190573
9819,45776.59908727885
9820,62002.0179095484
9821,42588.00709585671
9822,60264.21135175948
9823,65058.53530441695
9824,53368.38014440898
9825,67643.80535025119
9826,50874.15383820412
9827,54987.81823546793
9828,75219.47588090121
9829,59048.004841224385
9830,49260.34814192338
9831,44580.449369150876
9832,54411.32726798951
9833,47144.29045705523
9834,64939.445771123115
9835,45053.153731831895
9836,47217.2247609132
9837,54948.35890717986
9838,63715.44662296611
9839,59940.18890293451
9840,58736.414466708164
9841,44714.191005575005
9842,74021.55829876695
9843,46188.38465484533
9844,52812.45343548548
9845,64636.89345825503
9846,60882.5546890572
9847,52522.6833812932
9848,47423.55180327471
9849,41243.279531958426
9850,59969.580049979646
9851,50883.29551644103
9852,55910.968724896615
9853,53086.91621570052
9854,41667.05723171521
9855,65489.1945700676
9856,45583.18922017106
9857,48064.31703964426
9858,49307.53253326967
9859,48417.705289771366
9860,69065.54879806071
9861,54119.2496308867
9862,51911.92440519404
9863,47584.14750983219
9864,66815.0612982135
9865,48710.93122071759
9866,70473.38867498381
9867,60402.344952243795
9868,59224.09886923619
9869,66802.32656598074
9870,74143.95177359892
9871,51139.37463225984
9872,61956.72210770481
9873,71592.58444614793
9874,87107.05393900229
9875,59335.10074596306
9876,48375.73115606647
9877,53454.53632463547
9878,63766.679305864105
9879,51858.36458524502
9880,63359.101426227724
9881,59591.49988965401
9882,56570.41347277366
9883,63636.953487365434
9884,64683.33813324584
9885,54315.666597840995
9886,56618.01681301116
9887,68978.27959043568
9888,39336.81717121213
9889,65171.05735541293
9890,57034.730551300185
9891,52899.05378763604
9892,62842.53320955287
9893,55669.7248974524
9894,56877.55336638397
9895,55478.33125317749
9896,50189.627849760254
9897,49212.36508940067
9898,67435.13427112013
9899,56409.35705928591
9900,48285.10742109001
9901,63379.17547888324
9902,62728.90481845732
9903,52164.31591674614
9904,86671.15884717235
9905,55440.01774741914
9906,66058.63873498353
9907,54710.12116284469
9908,57869.23817932439
9909,54330.490934405985
9910,50926.481841197645
9911,59880.373032556636
9912,63806.29586971637
9913,42500.41637316053
9914,57743.961030591665
9915,63072.66580888431
9916,55138.03091250934
9917,50407.26034504425
9918,57111.37617643997
9919,56764.44095459814
9920,60770.23130726935
9921,47381.6516286817
9922,75760.91788711598
9923,57686.1654118335
9924,59206.82176694132
9925,58633.715152449186
9926,49666.616354931866
9927,37414.06691408187
9928,60460.20598667847
9929,49440.556558244585
9930,64821.51216589033
9931,76393.48792645583
9932,63263.633796027294
9933,47177.3180478218
9934,64102.31456599866
9935,51473.54115353837
9936,60295.844364918725
9937,38230.28075317193
9938,46359.95422743023
9939,55131.62673127544
9940,59036.55220238754
9941,65536.68889861298
9942,54059.04586157652
9943,52854.49033869982
9944,60570.0408298897
9945,41719.545619319215
9946,56552.1709526709
9947,47151.860931556075
9948,52862.29737206142
9949,67658.04828117201
9950,84018.0029937852
9951,67771.42847028727
9952,76199.13267530855
9953,72260.21422655534
9954,86458.66949926465
9955,46063.27851426095
9956,54980.05724388314
9957,36117.48756783956
9958,58955.07334134883
9959,67085.13960655083
9960,57115.04074282442
9961,41636.601582958065
9962,68183.48475465197
9963,59839.29474309354
9964,63442.72748994524
9965,58887.27393649286
9966,40354.315336182226
9967,68132.69831088684
9968,55004.693270016614
9969,79700.66919841562
9970,54414.70278054565
9971,52080.452482169945
9972,54273.41859102709
9973,47135.66149049308
9974,56838.92073293719
9975,60682.1288807395
9976,64933.98619024938
9977,47196.92576915745
9978,48648.99996767978
9979,63171.31249946636
9980,63943.98102559492
9981,74609.2246476929
9982,62861.87032251684
9983,50504.715930531354
9984,47114.40332450273
9985,74245.76538202772
9986,71172.70740385332
9987,45136.182129355075
9988,50408.87470572041
9989,61985.407062272825
9990,59870.66160123369
9991,48402.10890215452
9992,63091.50385230523
9993,52473.63305627367
9994,56671.480202279825
9995,61289.50126676371
9996,75306.39332924287
9997,55543.947490473154
9998,48273.29426499773
9999,46140.9045167847
10000,44796.94305390593
